priority,query_cluster,intent,audience,proposed_url,country,search_volume,difficulty,current_site_impressions,evidence_date,evidence,confidence,original_value
"launch","How to choose a graphics card for your PC","learn or verify compatibility","PC builders and upgrade buyers","/blog/how-to-choose-a-graphics-card/","CA and US unless meaningful locale-specific data","unavailable","unavailable","unavailable","2026-10-03","https://www.nvidia.com/en-us/geforce/graphics-cards/50-series/rtx-5070-family/ | https://www.nvidia.com/en-us/geforce/graphics-cards/50-series/rtx-5060-family/ | https://www.tomshardware.com/pc-components/gpus/rtx-5070-vs-rtx-5060-ti-16gb","medium: documented utility; volume unknown","Sources linked to relevant tools and decision checks"
"launch","How to choose a processor without overlooking the platform","learn or verify compatibility","PC builders and upgrade buyers","/blog/how-to-choose-a-processor/","CA and US unless meaningful locale-specific data","unavailable","unavailable","unavailable","2026-10-03","https://www.intel.com/content/www/us/en/gaming/resources/gaming-cpu.html | https://www.intel.com/content/www/us/en/gaming/resources/cpu-clock-speed.html | https://www.amd.com/en/products/processors/desktops/ryzen/9000-series/amd-ryzen-7-9800x3d.html | https://download.msi.com/archive/mnu_exe/mb/MAGB650TOMAHAWKWIFI.pdf","medium: documented utility; volume unknown","Sources linked to relevant tools and decision checks"
"launch","How to choose PC memory: capacity, DDR generation and timings","learn or verify compatibility","PC builders and upgrade buyers","/blog/understanding-pc-memory/","CA and US unless meaningful locale-specific data","unavailable","unavailable","unavailable","2026-10-03","https://www.kingston.com/en/blog/gaming/cas-latency-cl-ram-timing-explained | https://download.msi.com/archive/mnu_exe/mb/MAGB650TOMAHAWKWIFI.pdf | https://www.amd.com/en/products/processors/desktops/ryzen/9000-series/amd-ryzen-7-9800x3d.html","medium: documented utility; volume unknown","Sources linked to relevant tools and decision checks"
"launch","How to choose an SSD: capacity, interface and motherboard fit","learn or verify compatibility","PC builders and upgrade buyers","/blog/choosing-an-ssd/","CA and US unless meaningful locale-specific data","unavailable","unavailable","unavailable","2026-10-03","https://www.kingston.com/en/ssd/ssd-faq | https://www.seagate.com/ca/en/support/kb/why-does-my-hard-drive-report-less-capacity-than-indicated-on-the-drives-label-172191en/ | https://download.msi.com/archive/mnu_exe/mb/MAGB650TOMAHAWKWIFI.pdf","medium: documented utility; volume unknown","Sources linked to relevant tools and decision checks"
"launch","RTX 5070 vs RTX 5060 Ti 16 GB","compare exact alternatives","PC builders and upgrade buyers","/compare/rtx-5070-vs-rtx-5060-ti-16gb/","CA and US unless meaningful locale-specific data","unavailable","unavailable","unavailable","2026-10-03","https://www.nvidia.com/en-us/geforce/graphics-cards/50-series/rtx-5070-family/ | https://www.nvidia.com/en-us/geforce/graphics-cards/50-series/rtx-5060-family/ | https://www.tomshardware.com/pc-components/gpus/rtx-5070-vs-rtx-5060-ti-16gb","medium: observed queries and direct specifications","Exact variants plus purchase/fit checklist"
"launch","RTX 5070 vs RX 9070","compare exact alternatives","PC builders and upgrade buyers","/compare/rtx-5070-vs-rx-9070/","CA and US unless meaningful locale-specific data","unavailable","unavailable","unavailable","2026-10-03","https://www.nvidia.com/en-us/geforce/graphics-cards/50-series/rtx-5070-family/ | https://www.amd.com/en/products/graphics/desktops/radeon/9000-series/amd-radeon-rx-9070.html | https://www.tomshardware.com/pc-components/gpus/nvidia-rtx-5070-vs-amd-rx-9070-face-off","medium: observed queries and direct specifications","Exact variants plus purchase/fit checklist"
"launch","Ryzen 7 9800X3D vs 7800X3D","compare exact alternatives","PC builders and upgrade buyers","/compare/ryzen-7-9800x3d-vs-7800x3d/","CA and US unless meaningful locale-specific data","unavailable","unavailable","unavailable","2026-10-03","https://www.amd.com/en/products/processors/desktops/ryzen/9000-series/amd-ryzen-7-9800x3d.html | https://www.amd.com/en/products/processors/desktops/ryzen/7000-series/amd-ryzen-7-7800x3d.html | https://www.intel.com/content/www/us/en/gaming/resources/gaming-cpu.html","medium: observed queries and direct specifications","Exact variants plus purchase/fit checklist"
"launch","AM5 CPU upgrade checklist","learn or verify compatibility","PC builders and upgrade buyers","/blog/am5-upgrade-checklist/","CA and US unless meaningful locale-specific data","unavailable","unavailable","unavailable","2026-10-03","https://www.amd.com/en/products/processors/desktops/ryzen/9000-series/amd-ryzen-7-9800x3d.html | https://www.amd.com/en/products/processors/desktops/ryzen/7000-series/amd-ryzen-7-7800x3d.html | https://download.msi.com/archive/mnu_exe/mb/MAGB650TOMAHAWKWIFI.pdf | https://us.msi.com/Motherboard/MAG-B650-TOMAHAWK-WIFI/Specification","medium: documented utility; volume unknown","Sources linked to relevant tools and decision checks"
"launch","RAM latency calculator","perform a calculation","PC builders and upgrade buyers","/tools/ram-latency-calculator/","CA and US unless meaningful locale-specific data","unavailable","unavailable","unavailable","2026-10-03","https://www.kingston.com/en/blog/gaming/cas-latency-cl-ram-timing-explained","medium: documented utility; volume unknown","Local transparent arithmetic"
"launch","SSD capacity planner","perform a calculation","PC builders and upgrade buyers","/tools/storage-capacity-planner/","CA and US unless meaningful locale-specific data","unavailable","unavailable","unavailable","2026-10-03","https://www.seagate.com/ca/en/support/kb/why-does-my-hard-drive-report-less-capacity-than-indicated-on-the-drives-label-172191en/","medium: documented utility; volume unknown","Local transparent arithmetic"
"evidence-dependent","RTX 5070 Ti vs RX 9070 XT","compare exact alternatives","PC builders and upgrade buyers","/compare/rtx-5070-ti-vs-rx-9070-xt/","CA and US unless meaningful locale-specific data","unavailable","unavailable","unavailable","2026-10-03","Current original GPU face-offs suggest adjacent comparison intent; exact pair demand still needs measurement","provisional: validate demand and required data before publication","Exact variants plus purchase/fit checklist"
"evidence-dependent","RTX 5060 Ti 16 GB vs 8 GB","compare exact alternatives","PC builders and upgrade buyers","/compare/rtx-5060-ti-16gb-vs-rtx-5060-ti-8gb/","CA and US unless meaningful locale-specific data","unavailable","unavailable","unavailable","2026-10-03","NVIDIA explicitly lists both variants; repeated capacity-choice questions","provisional: validate demand and required data before publication","Exact variants plus purchase/fit checklist"
"evidence-dependent","RTX 5070 vs RTX 4070 Super upgrade","compare exact alternatives","PC builders and upgrade buyers","/compare/rtx-5070-vs-rtx-4070-super/","CA and US unless meaningful locale-specific data","unavailable","unavailable","unavailable","2026-10-03","Current price-watch coverage discusses the upgrade; current demand not quantified","provisional: validate demand and required data before publication","Exact variants plus purchase/fit checklist"
"evidence-dependent","Ryzen 5 7600 vs Ryzen 5 9600X","compare exact alternatives","PC builders and upgrade buyers","/compare/ryzen-5-7600-vs-ryzen-5-9600x/","CA and US unless meaningful locale-specific data","unavailable","unavailable","unavailable","2026-10-03","Adjacent CPU platform intent; provisional until query/property evidence","provisional: validate demand and required data before publication","Exact variants plus purchase/fit checklist"
"evidence-dependent","DDR5 6000 CL30 vs CL36","compare exact alternatives","PC builders and upgrade buyers","/compare/ddr5-6000-cl30-vs-cl36/","CA and US unless meaningful locale-specific data","unavailable","unavailable","unavailable","2026-10-03","Multiple current SERP entries and recurring community questions","provisional: validate demand and required data before publication","Exact variants plus purchase/fit checklist"
"evidence-dependent","B650 Tomahawk 9800X3D BIOS support","learn or verify compatibility","PC builders and upgrade buyers","/blog/b650-tomahawk-9800x3d-bios/","CA and US unless meaningful locale-specific data","unavailable","unavailable","unavailable","2026-10-03","Relevant listed board and selected CPU; support table extraction blocked","provisional: validate demand and required data before publication","Sources linked to relevant tools and decision checks"
"evidence-dependent","Fractal North GPU radiator clearance","learn or verify compatibility","PC builders and upgrade buyers","/blog/north-gpu-radiator-clearance/","CA and US unless meaningful locale-specific data","unavailable","unavailable","unavailable","2026-10-03","Existing fit guide documents configuration-specific need","provisional: validate demand and required data before publication","Sources linked to relevant tools and decision checks"
"evidence-dependent","B650 Tomahawk M.2 slot sharing","learn or verify compatibility","PC builders and upgrade buyers","/blog/b650-tomahawk-m2-slot-sharing/","CA and US unless meaningful locale-specific data","unavailable","unavailable","unavailable","2026-10-03","MSI specification explicitly documents M2_3 and PCI_E2 sharing","provisional: validate demand and required data before publication","Sources linked to relevant tools and decision checks"
"evidence-dependent","Fortnite PC requirements and FPS planning","understand requirements and performance","PC builders and upgrade buyers","/games/fortnite-pc-performance/","CA and US unless meaningful locale-specific data","unavailable","unavailable","unavailable","2026-10-03","Current official requirements page found; no popularity ranking established","provisional: validate demand and required data before publication","Sources linked to relevant tools and decision checks"
"evidence-dependent","Valorant PC requirements and frame-rate targets","understand requirements and performance","PC builders and upgrade buyers","/games/valorant-pc-performance/","CA and US unless meaningful locale-specific data","unavailable","unavailable","unavailable","2026-10-03","Official Riot specs found; current search demand still unquantified","provisional: validate demand and required data before publication","Sources linked to relevant tools and decision checks"
"evidence-dependent","Counter-Strike 2 PC performance planning","understand requirements and performance","PC builders and upgrade buyers","/games/counter-strike-2-pc-performance/","CA and US unless meaningful locale-specific data","unavailable","unavailable","unavailable","2026-10-03","Site game catalog relevance; provisional until requirements and demand verified","provisional: validate demand and required data before publication","Sources linked to relevant tools and decision checks"
"evidence-dependent","Canada 1440p gaming PC build","plan and buy a complete PC","PC builders and upgrade buyers","/builds/canada-1440p-gaming-pc/","CA and US unless meaningful locale-specific data","unavailable","unavailable","unavailable","2026-10-03","Canadian retailer/context advantage; current exact prices unavailable","provisional: validate demand and required data before publication","Sources linked to relevant tools and decision checks"
"evidence-dependent","USA 1440p gaming PC build","plan and buy a complete PC","PC builders and upgrade buyers","/builds/usa-1440p-gaming-pc/","CA and US unless meaningful locale-specific data","unavailable","unavailable","unavailable","2026-10-03","US buying intent; no verified current price coverage","provisional: validate demand and required data before publication","Sources linked to relevant tools and decision checks"
"evidence-dependent","Quiet gaming PC build and airflow plan","plan and buy a complete PC","PC builders and upgrade buyers","/builds/quiet-gaming-pc/","CA and US unless meaningful locale-specific data","unavailable","unavailable","unavailable","2026-10-03","Relevant indexed fans/cases; acoustics not measured","provisional: validate demand and required data before publication","Sources linked to relevant tools and decision checks"
