source,target,placement,purpose
"/blog/how-to-choose-a-graphics-card/","/hardware/graphics-cards/","related resource / next action","browse exact products"
"/blog/how-to-choose-a-graphics-card/","/compare/rtx-5070-vs-rtx-5060-ti-16gb/","related resource / next action","continue decision research"
"/blog/how-to-choose-a-graphics-card/","/blog/will-a-graphics-card-fit-my-case/","related resource / next action","continue decision research"
"/blog/how-to-choose-a-graphics-card/","/builder/","related resource / next action","use builder"
"/blog/how-to-choose-a-processor/","/hardware/processors/","related resource / next action","browse exact products"
"/blog/how-to-choose-a-processor/","/compare/ryzen-7-9800x3d-vs-7800x3d/","related resource / next action","continue decision research"
"/blog/how-to-choose-a-processor/","/blog/am5-upgrade-checklist/","related resource / next action","continue decision research"
"/blog/how-to-choose-a-processor/","/builder/","related resource / next action","use builder"
"/blog/understanding-pc-memory/","/hardware/memory/","related resource / next action","browse exact products"
"/blog/understanding-pc-memory/","/tools/ram-latency-calculator/","related resource / next action","calculate"
"/blog/understanding-pc-memory/","/blog/how-to-choose-gaming-ram/","related resource / next action","continue decision research"
"/blog/understanding-pc-memory/","/builder/","related resource / next action","use builder"
"/blog/choosing-an-ssd/","/hardware/solid-state-drives/","related resource / next action","browse exact products"
"/blog/choosing-an-ssd/","/tools/storage-capacity-planner/","related resource / next action","calculate"
"/blog/choosing-an-ssd/","/learn/990pro.html","related resource / next action","continue decision research"
"/blog/choosing-an-ssd/","/builder/","related resource / next action","use builder"
"/compare/rtx-5070-vs-rtx-5060-ti-16gb/","/blog/how-to-choose-a-graphics-card/","related resource / next action","continue decision research"
"/compare/rtx-5070-vs-rtx-5060-ti-16gb/","/blog/will-a-graphics-card-fit-my-case/","related resource / next action","continue decision research"
"/compare/rtx-5070-vs-rtx-5060-ti-16gb/","/hardware/graphics-cards/","related resource / next action","browse exact products"
"/compare/rtx-5070-vs-rx-9070/","/blog/how-to-choose-a-graphics-card/","related resource / next action","continue decision research"
"/compare/rtx-5070-vs-rx-9070/","/hardware/graphics-cards/","related resource / next action","browse exact products"
"/compare/rtx-5070-vs-rx-9070/","/methodology/#fps","related resource / next action","continue decision research"
"/compare/ryzen-7-9800x3d-vs-7800x3d/","/blog/how-to-choose-a-processor/","related resource / next action","continue decision research"
"/compare/ryzen-7-9800x3d-vs-7800x3d/","/blog/am5-upgrade-checklist/","related resource / next action","continue decision research"
"/compare/ryzen-7-9800x3d-vs-7800x3d/","/hardware/processors/","related resource / next action","browse exact products"
"/blog/am5-upgrade-checklist/","/compare/ryzen-7-9800x3d-vs-7800x3d/","related resource / next action","continue decision research"
"/blog/am5-upgrade-checklist/","/blog/understanding-pc-memory/","related resource / next action","continue decision research"
"/blog/am5-upgrade-checklist/","/builder/","related resource / next action","use builder"
"/blog/am5-upgrade-checklist/","/builder/model-coverage/","related resource / next action","use builder"
"/tools/ram-latency-calculator/","/blog/understanding-pc-memory/","related resource / next action","continue decision research"
"/tools/ram-latency-calculator/","/hardware/memory/","related resource / next action","browse exact products"
"/tools/ram-latency-calculator/","/builder/","related resource / next action","use builder"
"/tools/storage-capacity-planner/","/blog/choosing-an-ssd/","related resource / next action","continue decision research"
"/tools/storage-capacity-planner/","/hardware/solid-state-drives/","related resource / next action","browse exact products"
"/tools/storage-capacity-planner/","/builder/","related resource / next action","use builder"
