order,url,type,target_query,title,meta_description,h1,audience,outline,data_requirements,sources,original_value,internal_links,conversion,schema,images,freshness,qa_status,confidence
"1","/blog/how-to-choose-a-graphics-card/","pillar","How to choose a graphics card for your PC","How to choose a graphics card for your PC","Choose a GPU around your games, monitor and exact card dimensions. Understand VRAM, benchmark settings, power connections and total upgrade cost.","How to choose a graphics card for your PC","PC upgrade buyers and builders","Set a useful target before shopping | Read benchmarks with their settings attached | Treat VRAM as capacity, not a performance score | Check the complete card and power path | Compare the whole upgrade cost","Primary documentation and actionable checklist","https://www.nvidia.com/en-us/geforce/graphics-cards/50-series/rtx-5070-family/ | https://www.nvidia.com/en-us/geforce/graphics-cards/50-series/rtx-5060-family/ | https://www.tomshardware.com/pc-components/gpus/rtx-5070-vs-rtx-5060-ti-16gb","Practical sourced decision checklist","/hardware/graphics-cards/ | /compare/rtx-5070-vs-rtx-5060-ti-16gb/ | /blog/will-a-graphics-card-fit-my-case/ | /builder/","Use builder or compare exact products","Article; BreadcrumbList","Text first; do not add decoration","Quarterly; earlier on relevant launch/source change","implemented local; deployment pending","medium: documented utility; volume unknown"
"2","/blog/how-to-choose-a-processor/","pillar","How to choose a processor without overlooking the platform","How to choose a processor without overlooking the platform","Compare CPUs for your games and applications, then check motherboard support, BIOS, memory, cooling and the complete platform upgrade cost.","How to choose a processor without overlooking the platform","PC upgrade buyers and builders","Separate a new build from an upgrade | Understand cores, clocks and cache | Verify motherboard support before ordering | Budget for memory and cooling | Make the upgrade decision measurable","Primary documentation and actionable checklist","https://www.intel.com/content/www/us/en/gaming/resources/gaming-cpu.html | https://www.intel.com/content/www/us/en/gaming/resources/cpu-clock-speed.html | https://www.amd.com/en/products/processors/desktops/ryzen/9000-series/amd-ryzen-7-9800x3d.html | https://download.msi.com/archive/mnu_exe/mb/MAGB650TOMAHAWKWIFI.pdf","Practical sourced decision checklist","/hardware/processors/ | /compare/ryzen-7-9800x3d-vs-7800x3d/ | /blog/am5-upgrade-checklist/ | /builder/","Use builder or compare exact products","Article; BreadcrumbList","Text first; do not add decoration","Quarterly; earlier on relevant launch/source change","implemented local; deployment pending","medium: documented utility; volume unknown"
"3","/blog/understanding-pc-memory/","pillar","How to choose PC memory: capacity, DDR generation and timings","How to choose PC memory: capacity, DDR generation and timings","Understand RAM capacity, DDR4 and DDR5 compatibility, kit configuration, transfer rates and CAS latency before choosing a memory upgrade.","How to choose PC memory: capacity, DDR generation and timings","PC upgrade buyers and builders","Identify the platform before the kit | Use workload evidence to choose capacity | Compare transfer rate and latency together | Check the installation and supported profile | Keep a matched kit and a useful checklist","Primary documentation and actionable checklist","https://www.kingston.com/en/blog/gaming/cas-latency-cl-ram-timing-explained | https://download.msi.com/archive/mnu_exe/mb/MAGB650TOMAHAWKWIFI.pdf | https://www.amd.com/en/products/processors/desktops/ryzen/9000-series/amd-ryzen-7-9800x3d.html","Practical sourced decision checklist","/hardware/memory/ | /tools/ram-latency-calculator/ | /blog/how-to-choose-gaming-ram/ | /builder/","Use builder or compare exact products","Article; BreadcrumbList","Text first; do not add decoration","Quarterly; earlier on relevant launch/source change","implemented local; deployment pending","medium: documented utility; volume unknown"
"4","/blog/choosing-an-ssd/","pillar","How to choose an SSD: capacity, interface and motherboard fit","How to choose an SSD: capacity, interface and motherboard fit","Choose an SSD by capacity, SATA or NVMe interface, M.2 size and motherboard support. Understand speed claims, endurance and storage units.","How to choose an SSD: capacity, interface and motherboard fit","PC upgrade buyers and builders","Plan capacity around the files you keep | Match the interface and physical format | Read the slot notes, not just the slot count | Interpret speed and endurance honestly | Understand the capacity shown by software","Primary documentation and actionable checklist","https://www.kingston.com/en/ssd/ssd-faq | https://www.seagate.com/ca/en/support/kb/why-does-my-hard-drive-report-less-capacity-than-indicated-on-the-drives-label-172191en/ | https://download.msi.com/archive/mnu_exe/mb/MAGB650TOMAHAWKWIFI.pdf","Practical sourced decision checklist","/hardware/solid-state-drives/ | /tools/storage-capacity-planner/ | /learn/990pro.html | /builder/","Use builder or compare exact products","Article; BreadcrumbList","Text first; do not add decoration","Quarterly; earlier on relevant launch/source change","implemented local; deployment pending","medium: documented utility; volume unknown"
"5","/compare/rtx-5070-vs-rtx-5060-ti-16gb/","comparison","RTX 5070 vs RTX 5060 Ti 16 GB","RTX 5070 vs RTX 5060 Ti 16 GB: memory, power and buying checks","Compare RTX 5070 and RTX 5060 Ti 16 GB specifications, understand the VRAM tradeoff, and check exact card fit and benchmark settings before buying.","RTX 5070 vs RTX 5060 Ti 16 GB: memory, power and buying checks","PC upgrade buyers and builders","More memory and more rendering resources answer different questions | Keep native FPS separate from generated frames | Check the card you will actually order","Published reference specifications and exact variant checks","https://www.nvidia.com/en-us/geforce/graphics-cards/50-series/rtx-5070-family/ | https://www.nvidia.com/en-us/geforce/graphics-cards/50-series/rtx-5060-family/ | https://www.tomshardware.com/pc-components/gpus/rtx-5070-vs-rtx-5060-ti-16gb","Variant-specific decision and build path","/blog/how-to-choose-a-graphics-card/ | /blog/will-a-graphics-card-fit-my-case/ | /hardware/graphics-cards/","Use builder or compare exact products","Article; BreadcrumbList","Named actual partner card / exact CPU with source","Quarterly; earlier on relevant launch/source change","implemented local; deployment pending","medium: observed queries and direct specifications"
"6","/compare/rtx-5070-vs-rx-9070/","comparison","RTX 5070 vs RX 9070","RTX 5070 vs RX 9070: specifications and upgrade checks","Compare GeForce RTX 5070 and Radeon RX 9070 memory and power specifications. Check game testing, application support and exact partner-card fit.","RTX 5070 vs RX 9070: specifications and upgrade checks","PC upgrade buyers and builders","Use evidence from the workloads you run | Check feature and software requirements separately | Make the purchase comparison about exact models","Published reference specifications and exact variant checks","https://www.nvidia.com/en-us/geforce/graphics-cards/50-series/rtx-5070-family/ | https://www.amd.com/en/products/graphics/desktops/radeon/9000-series/amd-radeon-rx-9070.html | https://www.tomshardware.com/pc-components/gpus/nvidia-rtx-5070-vs-amd-rx-9070-face-off","Variant-specific decision and build path","/blog/how-to-choose-a-graphics-card/ | /hardware/graphics-cards/ | /methodology/#fps","Use builder or compare exact products","Article; BreadcrumbList","Named actual partner card / exact CPU with source","Quarterly; earlier on relevant launch/source change","implemented local; deployment pending","medium: observed queries and direct specifications"
"7","/compare/ryzen-7-9800x3d-vs-7800x3d/","comparison","Ryzen 7 9800X3D vs 7800X3D","Ryzen 7 9800X3D vs 7800X3D: specifications and platform checks","Compare AMD Ryzen 7 9800X3D and 7800X3D architecture, clocks and AM5 requirements. Check BIOS and total upgrade cost before changing your CPU.","Ryzen 7 9800X3D vs 7800X3D: specifications and platform checks","PC upgrade buyers and builders","What the specifications establish | What an AM5 upgrade still needs | New build and existing-owner decisions differ","Published reference specifications and exact variant checks","https://www.amd.com/en/products/processors/desktops/ryzen/9000-series/amd-ryzen-7-9800x3d.html | https://www.amd.com/en/products/processors/desktops/ryzen/7000-series/amd-ryzen-7-7800x3d.html | https://www.intel.com/content/www/us/en/gaming/resources/gaming-cpu.html","Variant-specific decision and build path","/blog/how-to-choose-a-processor/ | /blog/am5-upgrade-checklist/ | /hardware/processors/","Use builder or compare exact products","Article; BreadcrumbList","Named actual partner card / exact CPU with source","Quarterly; earlier on relevant launch/source change","implemented local; deployment pending","medium: observed queries and direct specifications"
"8","/blog/am5-upgrade-checklist/","guide","AM5 CPU upgrade checklist","AM5 CPU upgrade checklist: BIOS, memory, cooling and storage","Plan an AM5 CPU upgrade with an exact motherboard support-list check, BIOS notes, memory configuration, cooler mounts and storage lane checks.","AM5 CPU upgrade checklist: BIOS, memory, cooling and storage","PC upgrade buyers and builders","Record the system you have | Make CPU support a documented check | Check memory and cooling as configurations | Review expansion and storage notes | Keep a final verification record","Primary documentation and actionable checklist","https://www.amd.com/en/products/processors/desktops/ryzen/9000-series/amd-ryzen-7-9800x3d.html | https://www.amd.com/en/products/processors/desktops/ryzen/7000-series/amd-ryzen-7-7800x3d.html | https://download.msi.com/archive/mnu_exe/mb/MAGB650TOMAHAWKWIFI.pdf | https://us.msi.com/Motherboard/MAG-B650-TOMAHAWK-WIFI/Specification","Practical sourced decision checklist","/compare/ryzen-7-9800x3d-vs-7800x3d/ | /blog/understanding-pc-memory/ | /builder/ | /builder/model-coverage/","Use builder or compare exact products","Article; BreadcrumbList","Text first; do not add decoration","Quarterly; earlier on relevant launch/source change","implemented local; deployment pending","medium: documented utility; volume unknown"
"9","/tools/ram-latency-calculator/","tool","RAM latency calculator","RAM latency calculator: compare MT/s and CAS timing","Calculate first-word CAS latency in nanoseconds from memory transfer rate and CL. Compare two kits with transparent formulas and clear limitations.","RAM latency calculator: compare MT/s and CAS timing","PC upgrade buyers and builders","How the calculation works | What you can compare | Inputs and unsupported cases | Use the result in a purchase decision","Transparent formula and supported input units","https://www.kingston.com/en/blog/gaming/cas-latency-cl-ram-timing-explained","Transparent working formula","/blog/understanding-pc-memory/ | /hardware/memory/ | /builder/","Use builder or compare exact products","WebPage; BreadcrumbList","Text first; do not add decoration","Quarterly; earlier on relevant launch/source change","implemented local; deployment pending","medium: documented utility; volume unknown"
"10","/tools/storage-capacity-planner/","tool","SSD capacity planner","SSD capacity planner: storage budget and TB to GiB conversion","Plan SSD capacity for games, applications and files. Convert advertised decimal TB to binary GiB and set your own free-space allowance.","SSD capacity planner: storage budget and TB to GiB conversion","PC upgrade buyers and builders","Use one unit throughout the plan | Build a budget from real workloads | Read the result as a plan | Check the drive and backup separately","Transparent formula and supported input units","https://www.seagate.com/ca/en/support/kb/why-does-my-hard-drive-report-less-capacity-than-indicated-on-the-drives-label-172191en/","Transparent working formula","/blog/choosing-an-ssd/ | /hardware/solid-state-drives/ | /builder/","Use builder or compare exact products","WebPage; BreadcrumbList","Text first; do not add decoration","Quarterly; earlier on relevant launch/source change","implemented local; deployment pending","medium: documented utility; volume unknown"
"11","/compare/rtx-5070-ti-vs-rx-9070-xt/","comparison","RTX 5070 Ti vs RX 9070 XT","RTX 5070 Ti vs RX 9070 XT","To be written after evidence gate","RTX 5070 Ti vs RX 9070 XT","PC upgrade buyers and builders","Answer; exact identities; evidence; checklist; limitations; next action","Exact official specs; independent matching-settings tests","Current original GPU face-offs suggest adjacent comparison intent; exact pair demand still needs measurement","Variant-specific decision and build path","Relevant category, pillar, product and builder","Use builder or compare exact products","Article; BreadcrumbList","Named actual partner card / exact CPU with source","Quarterly; earlier on relevant launch/source change","planned; not generated or indexed","provisional: validate demand and required data before publication"
"12","/compare/rtx-5060-ti-16gb-vs-rtx-5060-ti-8gb/","comparison","RTX 5060 Ti 16 GB vs 8 GB","RTX 5060 Ti 16 GB vs 8 GB","To be written after evidence gate","RTX 5060 Ti 16 GB vs 8 GB","PC upgrade buyers and builders","Answer; exact identities; evidence; checklist; limitations; next action","Exact capacity variants; identical game/settings original testing","NVIDIA explicitly lists both variants; repeated capacity-choice questions","Variant-specific decision and build path","Relevant category, pillar, product and builder","Use builder or compare exact products","Article; BreadcrumbList","Named actual partner card / exact CPU with source","Quarterly; earlier on relevant launch/source change","planned; not generated or indexed","provisional: validate demand and required data before publication"
"13","/compare/rtx-5070-vs-rtx-4070-super/","comparison","RTX 5070 vs RTX 4070 Super upgrade","RTX 5070 vs RTX 4070 Super upgrade","To be written after evidence gate","RTX 5070 vs RTX 4070 Super upgrade","PC upgrade buyers and builders","Answer; exact identities; evidence; checklist; limitations; next action","Official specs; current exact listings; matched game suite","Current price-watch coverage discusses the upgrade; current demand not quantified","Variant-specific decision and build path","Relevant category, pillar, product and builder","Use builder or compare exact products","Article; BreadcrumbList","Named actual partner card / exact CPU with source","Quarterly; earlier on relevant launch/source change","planned; not generated or indexed","provisional: validate demand and required data before publication"
"14","/compare/ryzen-5-7600-vs-ryzen-5-9600x/","comparison","Ryzen 5 7600 vs Ryzen 5 9600X","Ryzen 5 7600 vs Ryzen 5 9600X","To be written after evidence gate","Ryzen 5 7600 vs Ryzen 5 9600X","PC upgrade buyers and builders","Answer; exact identities; evidence; checklist; limitations; next action","Official specs; exact BIOS support; matched workload tests","Adjacent CPU platform intent; provisional until query/property evidence","Variant-specific decision and build path","Relevant category, pillar, product and builder","Use builder or compare exact products","Article; BreadcrumbList","Named actual partner card / exact CPU with source","Quarterly; earlier on relevant launch/source change","planned; not generated or indexed","provisional: validate demand and required data before publication"
"15","/compare/ddr5-6000-cl30-vs-cl36/","comparison","DDR5 6000 CL30 vs CL36","DDR5 6000 CL30 vs CL36","To be written after evidence gate","DDR5 6000 CL30 vs CL36","PC upgrade buyers and builders","Answer; exact identities; evidence; checklist; limitations; next action","Kit SKUs; timing calculation; workload tests before FPS claims","Multiple current SERP entries and recurring community questions","Variant-specific decision and build path","Relevant category, pillar, product and builder","Use builder or compare exact products","Article; BreadcrumbList","Named actual partner card / exact CPU with source","Quarterly; earlier on relevant launch/source change","planned; not generated or indexed","provisional: validate demand and required data before publication"
"16","/blog/b650-tomahawk-9800x3d-bios/","compatibility","B650 Tomahawk 9800X3D BIOS support","B650 Tomahawk 9800X3D BIOS support","To be written after evidence gate","B650 Tomahawk 9800X3D BIOS support","PC upgrade buyers and builders","Answer; exact identities; evidence; checklist; limitations; next action","Current CPU support table and exact minimum BIOS","Relevant listed board and selected CPU; support table extraction blocked","Practical sourced decision checklist","Relevant category, pillar, product and builder","Use builder or compare exact products","Article; BreadcrumbList","Text first; do not add decoration","Quarterly; earlier on relevant launch/source change","planned; not generated or indexed","provisional: validate demand and required data before publication"
"17","/blog/north-gpu-radiator-clearance/","compatibility","Fractal North GPU radiator clearance","Fractal North GPU radiator clearance","To be written after evidence gate","Fractal North GPU radiator clearance","PC upgrade buyers and builders","Answer; exact identities; evidence; checklist; limitations; next action","Exact enclosure manual; GPU SKUs; radiator/fan measurements","Existing fit guide documents configuration-specific need","Practical sourced decision checklist","Relevant category, pillar, product and builder","Use builder or compare exact products","Article; BreadcrumbList","Text first; do not add decoration","Quarterly; earlier on relevant launch/source change","planned; not generated or indexed","provisional: validate demand and required data before publication"
"18","/blog/b650-tomahawk-m2-slot-sharing/","compatibility","B650 Tomahawk M.2 slot sharing","B650 Tomahawk M.2 slot sharing","To be written after evidence gate","B650 Tomahawk M.2 slot sharing","PC upgrade buyers and builders","Answer; exact identities; evidence; checklist; limitations; next action","Board revision/manual; CPU-specific slot notes","MSI specification explicitly documents M2_3 and PCI_E2 sharing","Practical sourced decision checklist","Relevant category, pillar, product and builder","Use builder or compare exact products","Article; BreadcrumbList","Text first; do not add decoration","Quarterly; earlier on relevant launch/source change","planned; not generated or indexed","provisional: validate demand and required data before publication"
"19","/games/fortnite-pc-performance/","game","Fortnite PC requirements and FPS planning","Fortnite PC requirements and FPS planning","To be written after evidence gate","Fortnite PC requirements and FPS planning","PC upgrade buyers and builders","Answer; exact identities; evidence; checklist; limitations; next action","Current Epic requirements; versioned test/estimate methodology; licensed art","Current official requirements page found; no popularity ranking established","Requirements and settings connected to evidence","Relevant category, pillar, product and builder","Use builder or compare exact products","Choose only after visible data established","Rights-cleared exact game/platform artwork","Review major patch / requirements change","planned; not generated or indexed","provisional: validate demand and required data before publication"
"20","/games/valorant-pc-performance/","game","Valorant PC requirements and frame-rate targets","Valorant PC requirements and frame-rate targets","To be written after evidence gate","Valorant PC requirements and frame-rate targets","PC upgrade buyers and builders","Answer; exact identities; evidence; checklist; limitations; next action","Current Riot requirements; target-vs-measured distinction; tests","Official Riot specs found; current search demand still unquantified","Requirements and settings connected to evidence","Relevant category, pillar, product and builder","Use builder or compare exact products","Choose only after visible data established","Rights-cleared exact game/platform artwork","Review major patch / requirements change","planned; not generated or indexed","provisional: validate demand and required data before publication"
"21","/games/counter-strike-2-pc-performance/","game","Counter-Strike 2 PC performance planning","Counter-Strike 2 PC performance planning","To be written after evidence gate","Counter-Strike 2 PC performance planning","PC upgrade buyers and builders","Answer; exact identities; evidence; checklist; limitations; next action","Current Valve requirements; patch/settings/test evidence","Site game catalog relevance; provisional until requirements and demand verified","Requirements and settings connected to evidence","Relevant category, pillar, product and builder","Use builder or compare exact products","Choose only after visible data established","Rights-cleared exact game/platform artwork","Review major patch / requirements change","planned; not generated or indexed","provisional: validate demand and required data before publication"
"22","/builds/canada-1440p-gaming-pc/","build","Canada 1440p gaming PC build","Canada 1440p gaming PC build","To be written after evidence gate","Canada 1440p gaming PC build","PC upgrade buyers and builders","Answer; exact identities; evidence; checklist; limitations; next action","All required components; exact verified CAD offers; BIOS/cable/fit checks","Canadian retailer/context advantage; current exact prices unavailable","Complete regional bill of materials and documented checks","Relevant category, pillar, product and builder","Use builder or compare exact products","Choose only after visible data established","Text first; do not add decoration","Recheck each offer; expire prices after 15 min","planned; not generated or indexed","provisional: validate demand and required data before publication"
"23","/builds/usa-1440p-gaming-pc/","build","USA 1440p gaming PC build","USA 1440p gaming PC build","To be written after evidence gate","USA 1440p gaming PC build","PC upgrade buyers and builders","Answer; exact identities; evidence; checklist; limitations; next action","All required components; exact verified USD offers; total-cost notes","US buying intent; no verified current price coverage","Complete regional bill of materials and documented checks","Relevant category, pillar, product and builder","Use builder or compare exact products","Choose only after visible data established","Text first; do not add decoration","Recheck each offer; expire prices after 15 min","planned; not generated or indexed","provisional: validate demand and required data before publication"
"24","/builds/quiet-gaming-pc/","build","Quiet gaming PC build and airflow plan","Quiet gaming PC build and airflow plan","To be written after evidence gate","Quiet gaming PC build and airflow plan","PC upgrade buyers and builders","Answer; exact identities; evidence; checklist; limitations; next action","Complete sourced build; acoustic original testing; fan/mount checks","Relevant indexed fans/cases; acoustics not measured","Complete regional bill of materials and documented checks","Relevant category, pillar, product and builder","Use builder or compare exact products","Choose only after visible data established","Text first; do not add decoration","Recheck each offer; expire prices after 15 min","planned; not generated or indexed","provisional: validate demand and required data before publication"
