event,trigger,allowed_parameters,privacy_and_quality_guard,status
"page_view","One per committed navigation, after consent","canonical_path,page_type,country","Exclude preview traffic, admin/testing and crawlers","specified; analytics adapter not installed"
"catalog_search","Debounced user input that returns results","category,result_count,query_length","Never send raw query text or URL query","specified; analytics adapter not installed"
"filter_change","User changes a facet, once per settled state","group,selection_count,category","OR within group; no text from search field","specified; analytics adapter not installed"
"comparison_start","User explicitly chooses first comparison item","category,part_count","Default example render is not a start","specified; analytics adapter not installed"
"comparison_updated","User adds/removes/replaces a part","category,part_count,action","Do not count redraws as changes","specified; analytics adapter not installed"
"builder_start","Empty→one user-selected component","country,component_category","Loading a shared build is separate from an organic start","specified; analytics adapter not installed"
"part_added","User-selected component added to a build","category,part_id,component_count","Include fan instances; deduplicate repeated rendering","specified; analytics adapter not installed"
"build_ready","Required selected categories complete","country,component_count,unresolved_checks","Means selected parts, not certified compatibility; not a purchase","specified; analytics adapter not installed"
"retailer_click","User opens retailer listing/search","store,country,part_id,link_type","Distinguish verified exact offer from search; no destination query text","specified; analytics adapter not installed"
"share_build","Confirmed copy/share action succeeds","country,component_count,method","A button click that fails is not success","specified; analytics adapter not installed"
"article_engaged","Visible reading ≥30 seconds and ≥50% article progress","canonical_path,article_category","Pause timer when hidden; exclude bots; proxy, not proof of reading","specified; analytics adapter not installed"
"calculator_used","Valid form submit returns a result","tool_id","Do not send entered workload amounts or personal data","specified; analytics adapter not installed"
"rss_click","Explicit RSS link click","canonical_path","Click is not a confirmed subscription","specified; analytics adapter not installed"
"correction_click","Explicit correction intake link","canonical_path","Do not track issue content or identifying information","specified; analytics adapter not installed"
