id,title,url,access_date,type,used_for,status,limitations
"n5070","NVIDIA RTX 5070 family specifications","https://www.nvidia.com/en-us/geforce/graphics-cards/50-series/rtx-5070-family/","2026-10-03","manufacturer documentation","blog/how-to-choose-a-graphics-card | compare/rtx-5070-vs-rtx-5060-ti-16gb | compare/rtx-5070-vs-rx-9070","reviewed through browser/search extraction","Specification or explanation; not a hands-on test or proof of image license"
"n5060","NVIDIA RTX 5060 family specifications","https://www.nvidia.com/en-us/geforce/graphics-cards/50-series/rtx-5060-family/","2026-10-03","manufacturer documentation","blog/how-to-choose-a-graphics-card | compare/rtx-5070-vs-rtx-5060-ti-16gb","reviewed through browser/search extraction","Specification or explanation; not a hands-on test or proof of image license"
"rx9070","AMD Radeon RX 9070 specifications","https://www.amd.com/en/products/graphics/desktops/radeon/9000-series/amd-radeon-rx-9070.html","2026-10-03","manufacturer documentation","compare/rtx-5070-vs-rx-9070","reviewed through browser/search extraction","Specification or explanation; not a hands-on test or proof of image license"
"cpu9800","AMD Ryzen 7 9800X3D specifications","https://www.amd.com/en/products/processors/desktops/ryzen/9000-series/amd-ryzen-7-9800x3d.html","2026-10-03","manufacturer documentation","blog/how-to-choose-a-processor | blog/understanding-pc-memory | compare/ryzen-7-9800x3d-vs-7800x3d | blog/am5-upgrade-checklist","reviewed through browser/search extraction","Specification or explanation; not a hands-on test or proof of image license"
"cpu7800","AMD Ryzen 7 7800X3D specifications","https://www.amd.com/en/products/processors/desktops/ryzen/7000-series/amd-ryzen-7-7800x3d.html","2026-10-03","manufacturer documentation","compare/ryzen-7-9800x3d-vs-7800x3d | blog/am5-upgrade-checklist","reviewed through browser/search extraction","Specification or explanation; not a hands-on test or proof of image license"
"cpuGuide","Intel: choosing a gaming CPU","https://www.intel.com/content/www/us/en/gaming/resources/gaming-cpu.html","2026-10-03","manufacturer documentation","blog/how-to-choose-a-processor | compare/ryzen-7-9800x3d-vs-7800x3d","reviewed through browser/search extraction","Specification or explanation; not a hands-on test or proof of image license"
"clocks","Intel: CPU clock speed","https://www.intel.com/content/www/us/en/gaming/resources/cpu-clock-speed.html","2026-10-03","manufacturer documentation","blog/how-to-choose-a-processor","reviewed through browser/search extraction","Specification or explanation; not a hands-on test or proof of image license"
"ram","Kingston: CAS latency and RAM timings","https://www.kingston.com/en/blog/gaming/cas-latency-cl-ram-timing-explained","2026-10-03","manufacturer documentation","blog/understanding-pc-memory | tools/ram-latency-calculator","reviewed through browser/search extraction","Specification or explanation; not a hands-on test or proof of image license"
"ssd","Kingston: SATA, NVMe and M.2 questions","https://www.kingston.com/en/ssd/ssd-faq","2026-10-03","manufacturer documentation","blog/choosing-an-ssd","reviewed through browser/search extraction","Specification or explanation; not a hands-on test or proof of image license"
"capacity","Seagate: decimal and binary storage capacity","https://www.seagate.com/ca/en/support/kb/why-does-my-hard-drive-report-less-capacity-than-indicated-on-the-drives-label-172191en/","2026-10-03","manufacturer documentation","blog/choosing-an-ssd | tools/storage-capacity-planner","reviewed through browser/search extraction","Specification or explanation; not a hands-on test or proof of image license"
"board","MSI MAG B650 TOMAHAWK WIFI manual","https://download.msi.com/archive/mnu_exe/mb/MAGB650TOMAHAWKWIFI.pdf","2026-10-03","manufacturer documentation","blog/how-to-choose-a-processor | blog/understanding-pc-memory | blog/choosing-an-ssd | blog/am5-upgrade-checklist","PDF extraction failed; equivalent slot claim verified on MSI US specification; linked as further reading","CPU support table/minimum BIOS still unresolved"
"boardSpecs","MSI MAG B650 TOMAHAWK WIFI specifications","https://us.msi.com/Motherboard/MAG-B650-TOMAHAWK-WIFI/Specification","2026-10-03","manufacturer documentation","blog/am5-upgrade-checklist","reviewed through browser/search extraction","Specification or explanation; not a hands-on test or proof of image license"
"test5070","Tom’s Hardware: original RTX 5070 / RTX 5060 Ti testing","https://www.tomshardware.com/pc-components/gpus/rtx-5070-vs-rtx-5060-ti-16gb","2026-10-03","independent original testing","blog/how-to-choose-a-graphics-card | compare/rtx-5070-vs-rtx-5060-ti-16gb","reviewed through browser/search extraction","No measurements imported; date/settings remain those of the source"
"test9070","Tom’s Hardware: original RTX 5070 / RX 9070 testing","https://www.tomshardware.com/pc-components/gpus/nvidia-rtx-5070-vs-amd-rx-9070-face-off","2026-10-03","independent original testing","compare/rtx-5070-vs-rx-9070","reviewed through browser/search extraction","No measurements imported; date/settings remain those of the source"
"google-0","Google helpful content","https://developers.google.com/search/docs/fundamentals/creating-helpful-content","2026-10-03","official search guidance","Technical/index/schema/content policy","reviewed","No guarantee of indexing, rank or rich results"
"google-1","Google JavaScript SEO","https://developers.google.com/search/docs/crawling-indexing/javascript/javascript-seo-basics","2026-10-03","official search guidance","Technical/index/schema/content policy","reviewed","No guarantee of indexing, rank or rich results"
"google-2","Google AI features","https://developers.google.com/search/docs/appearance/ai-features","2026-10-03","official search guidance","Technical/index/schema/content policy","reviewed","No guarantee of indexing, rank or rich results"
"google-3","Google faceted navigation","https://developers.google.com/crawling/docs/faceted-navigation","2026-10-03","official search guidance","Technical/index/schema/content policy","reviewed","No guarantee of indexing, rank or rich results"
"google-4","Google spam policies","https://developers.google.com/search/docs/essentials/spam-policies","2026-10-03","official search guidance","Technical/index/schema/content policy","reviewed","No guarantee of indexing, rank or rich results"
"google-5","Google Core Web Vitals","https://developers.google.com/search/docs/appearance/core-web-vitals","2026-10-03","official search guidance","Technical/index/schema/content policy","reviewed","No guarantee of indexing, rank or rich results"
"google-6","Google Product","https://developers.google.com/search/docs/appearance/structured-data/product","2026-10-03","official search guidance","Technical/index/schema/content policy","reviewed","No guarantee of indexing, rank or rich results"
"google-7","Google Article","https://developers.google.com/search/docs/appearance/structured-data/article","2026-10-03","official search guidance","Technical/index/schema/content policy","reviewed","No guarantee of indexing, rank or rich results"
"google-8","Google Breadcrumb","https://developers.google.com/search/docs/appearance/structured-data/breadcrumb","2026-10-03","official search guidance","Technical/index/schema/content policy","reviewed","No guarantee of indexing, rank or rich results"
"demand-0","Community exact RTX capacity question","https://www.reddit.com/r/buildapc/comments/1uog4l4/for_close_to_the_same_price_5060_ti_16gb_or_5070/","2026-10-03","SERP/community demand proxy","Launch shortlist / evidence-dependent backlog","search results reviewed","No search volume/popularity claim; game hubs not yet drafted"
"demand-1","Community DDR5 CL30 vs CL36 question","https://www.reddit.com/r/PcBuildHelp/comments/1ub5nmi/cl30_vs_cl36/","2026-10-03","SERP/community demand proxy","Launch shortlist / evidence-dependent backlog","search results reviewed","No search volume/popularity claim; game hubs not yet drafted"
"demand-2","Competing RAM calculator","https://specscalc.com/ram-latency-calculator/","2026-10-03","SERP/community demand proxy","Launch shortlist / evidence-dependent backlog","search results reviewed","No search volume/popularity claim; game hubs not yet drafted"
"demand-3","Fortnite official requirements","https://www.epicgames.com/help/c-34254770/c-37371353/a16548002","2026-10-03","official game requirements discovered","Launch shortlist / evidence-dependent backlog","search results reviewed","No search volume/popularity claim; game hubs not yet drafted"
"demand-4","Valorant official requirements","https://playvalorant.com/en-us/specs/","2026-10-03","official game requirements discovered","Launch shortlist / evidence-dependent backlog","search results reviewed","No search volume/popularity claim; game hubs not yet drafted"
