"rank","tier","title","route","type","status","sources","why_this_page","gate","demand_confidence"
"1","Tier 1","Graphics-driver trouble after an update: preserve the evidence first","/blog/graphics-driver-update-rollback-checklist/","Sourced guide","Completed locally; publication pending","drivers | nvidiadrivers","Resolves a specific documented question or provides working original utility.","Exact facts sourced; no unsupported measured claims; browser/link QA; confirmed deployment before recording first publication.","Unmeasured search demand; prioritize by utility and evidence readiness"
"2","Tier 1","B650 TOMAHAWK lane sharing: choose the right M.2 slot","/blog/b650-tomahawk-m2-pcie-lane-sharing/","Sourced guide","Completed locally; publication pending","msi","Resolves a specific documented question or provides working original utility.","Exact facts sourced; no unsupported measured claims; browser/link QA; confirmed deployment before recording first publication.","Unmeasured search demand; prioritize by utility and evidence readiness"
"3","Tier 1","RTX 5060 Ti 8 GB vs 16 GB: capacity is the key difference","/blog/rtx-5060-ti-8gb-vs-16gb/","Sourced guide","Completed locally; publication pending","n5060","Resolves a specific documented question or provides working original utility.","Exact facts sourced; no unsupported measured claims; browser/link QA; confirmed deployment before recording first publication.","Unmeasured search demand; prioritize by utility and evidence readiness"
"4","Tier 1","USB-C does not tell you the speed: a port and cable checklist","/blog/usb-c-speed-charging-display-checklist/","Sourced guide","Completed locally; publication pending","usb | apple16 | apple16pro","Resolves a specific documented question or provides working original utility.","Exact facts sourced; no unsupported measured claims; browser/link QA; confirmed deployment before recording first publication.","Unmeasured search demand; prioritize by utility and evidence readiness"
"5","Tier 1","Local AI memory: model weights are only the starting point","/blog/local-ai-memory-weights-kv-cache/","Sourced guide","Completed locally; publication pending","llama","Resolves a specific documented question or provides working original utility.","Exact facts sourced; no unsupported measured claims; browser/link QA; confirmed deployment before recording first publication.","Unmeasured search demand; prioritize by utility and evidence readiness"
"6","Tier 1","A CPU upgrade costs more than the CPU: compare the whole platform","/blog/pc-upgrade-total-platform-cost/","Sourced guide","Completed locally; publication pending","msi | expo","Resolves a specific documented question or provides working original utility.","Exact facts sourced; no unsupported measured claims; browser/link QA; confirmed deployment before recording first publication.","Unmeasured search demand; prioritize by utility and evidence readiness"
"7","Tier 1","Phone update support: a promise is not always an exact end date","/blog/phone-software-support-commitment-vs-end-date/","Sourced guide","Completed locally; publication pending","pixelupdates | apple16","Resolves a specific documented question or provides working original utility.","Exact facts sourced; no unsupported measured claims; browser/link QA; confirmed deployment before recording first publication.","Unmeasured search demand; prioritize by utility and evidence readiness"
"8","Tier 1","Memory market watch: AI demand is not a price quote for your RAM","/blog/memory-market-watch-ai-is-not-a-retail-price/","Sourced guide","Completed locally; publication pending","micron","Resolves a specific documented question or provides working original utility.","Exact facts sourced; no unsupported measured claims; browser/link QA; confirmed deployment before recording first publication.","Unmeasured search demand; prioritize by utility and evidence readiness"
"9","Tier 1","PC electricity cost calculator","/tools/pc-electricity-cost/","Calculator","Implemented locally; publication pending","","Resolves a specific documented question or provides working original utility.","Exact facts sourced; no unsupported measured claims; browser/link QA; confirmed deployment before recording first publication.","Unmeasured search demand; prioritize by utility and evidence readiness"
"10","Tier 1","Compare complete PC upgrade costs","/tools/platform-upgrade-cost/","Calculator","Implemented locally; publication pending","","Resolves a specific documented question or provides working original utility.","Exact facts sourced; no unsupported measured claims; browser/link QA; confirmed deployment before recording first publication.","Unmeasured search demand; prioritize by utility and evidence readiness"
"11","Tier 1","Monitor pixel density and size calculator","/tools/monitor-pixel-density/","Calculator","Implemented locally; publication pending","","Resolves a specific documented question or provides working original utility.","Exact facts sourced; no unsupported measured claims; browser/link QA; confirmed deployment before recording first publication.","Unmeasured search demand; prioritize by utility and evidence readiness"
"12","Tier 1","Recording storage budget calculator","/tools/recording-storage/","Calculator","Implemented locally; publication pending","","Resolves a specific documented question or provides working original utility.","Exact facts sourced; no unsupported measured claims; browser/link QA; confirmed deployment before recording first publication.","Unmeasured search demand; prioritize by utility and evidence readiness"
"13","Tier 1","Local AI model memory planner","/tools/local-ai-memory/","Calculator","Implemented locally; publication pending","","Resolves a specific documented question or provides working original utility.","Exact facts sourced; no unsupported measured claims; browser/link QA; confirmed deployment before recording first publication.","Unmeasured search demand; prioritize by utility and evidence readiness"
"14","Tier 1","FPS and refresh interval calculator","/tools/frame-time-budget/","Calculator","Implemented locally; publication pending","","Resolves a specific documented question or provides working original utility.","Exact facts sourced; no unsupported measured claims; browser/link QA; confirmed deployment before recording first publication.","Unmeasured search demand; prioritize by utility and evidence readiness"
"15","Tier 1","B650 TOMAHAWK slot-sharing checker","/tools/b650-tomahawk-lane-check/","Calculator","Implemented locally; publication pending","msi","Resolves a specific documented question or provides working original utility.","Exact facts sourced; no unsupported measured claims; browser/link QA; confirmed deployment before recording first publication.","Unmeasured search demand; prioritize by utility and evidence readiness"
"16","Tier 1","iPhone 16: dimensions and verified specifications","/phones/iphone-16/","Phone record","Implemented locally; publication pending","","Resolves a specific documented question or provides working original utility.","Exact facts sourced; no unsupported measured claims; browser/link QA; confirmed deployment before recording first publication.","Unmeasured search demand; prioritize by utility and evidence readiness"
"17","Tier 1","iPhone 16 Pro: dimensions and verified specifications","/phones/iphone-16-pro/","Phone record","Implemented locally; publication pending","","Resolves a specific documented question or provides working original utility.","Exact facts sourced; no unsupported measured claims; browser/link QA; confirmed deployment before recording first publication.","Unmeasured search demand; prioritize by utility and evidence readiness"
"18","Tier 1","Pixel 9: dimensions and verified specifications","/phones/pixel-9/","Phone record","Implemented locally; publication pending","","Resolves a specific documented question or provides working original utility.","Exact facts sourced; no unsupported measured claims; browser/link QA; confirmed deployment before recording first publication.","Unmeasured search demand; prioritize by utility and evidence readiness"
"19","Tier 1","Pixel 9 Pro: dimensions and verified specifications","/phones/pixel-9-pro/","Phone record","Implemented locally; publication pending","","Resolves a specific documented question or provides working original utility.","Exact facts sourced; no unsupported measured claims; browser/link QA; confirmed deployment before recording first publication.","Unmeasured search demand; prioritize by utility and evidence readiness"
"20","Tier 1","Galaxy S25: dimensions and verified specifications","/phones/galaxy-s25/","Phone record","Implemented locally; publication pending","","Resolves a specific documented question or provides working original utility.","Exact facts sourced; no unsupported measured claims; browser/link QA; confirmed deployment before recording first publication.","Unmeasured search demand; prioritize by utility and evidence readiness"
"21","Tier 1","iPhone 16 vs iPhone 16 Pro: size and specification differences","/phones/compare/iphone-16-vs-iphone-16-pro/","Phone comparison","Implemented locally; publication pending","apple16 | apple16pro","Resolves a specific documented question or provides working original utility.","Exact facts sourced; no unsupported measured claims; browser/link QA; confirmed deployment before recording first publication.","Unmeasured search demand; prioritize by utility and evidence readiness"
"22","Tier 1","iPhone 16 vs Pixel 9: size and specification differences","/phones/compare/iphone-16-vs-pixel-9/","Phone comparison","Implemented locally; publication pending","apple16 | pixel","Resolves a specific documented question or provides working original utility.","Exact facts sourced; no unsupported measured claims; browser/link QA; confirmed deployment before recording first publication.","Unmeasured search demand; prioritize by utility and evidence readiness"
"23","Tier 1","Phone size comparison: same-scale body outlines","/phones/size-compare/","Interactive tool","Implemented locally; publication pending","apple16 | pixel | s25","Resolves a specific documented question or provides working original utility.","Exact facts sourced; no unsupported measured claims; browser/link QA; confirmed deployment before recording first publication.","Unmeasured search demand; prioritize by utility and evidence readiness"
"24","Tier 1","Phone software-support evidence tracker","/phones/software-support/","Policy tracker","Implemented locally; incomplete exact end dates","pixelupdates","Resolves a specific documented question or provides working original utility.","Exact facts sourced; no unsupported measured claims; browser/link QA; confirmed deployment before recording first publication.","Unmeasured search demand; prioritize by utility and evidence readiness"
"25","Tier 1","Catalog coverage report: what our hardware index contains","/data/catalog-coverage/","Original data report","Implemented locally; publication pending","","Resolves a specific documented question or provides working original utility.","Exact facts sourced; no unsupported measured claims; browser/link QA; confirmed deployment before recording first publication.","Unmeasured search demand; prioritize by utility and evidence readiness"
"26","Tier 2","Why a long PCIe slot can have only two lanes","Not assigned until differentiated brief approved","compatibility","Research brief; not drafted","msi","Resolves a specific documented question or provides working original utility.","Exact facts sourced; no unsupported measured claims; browser/link QA; confirmed deployment before recording first publication.","Unmeasured search demand; prioritize by utility and evidence readiness"
"27","Tier 2","Ryzen 8500 and an unavailable M2_2 socket","Not assigned until differentiated brief approved","compatibility","Research brief; not drafted","msi","Resolves a specific documented question or provides working original utility.","Exact facts sourced; no unsupported measured claims; browser/link QA; confirmed deployment before recording first publication.","Unmeasured search demand; prioritize by utility and evidence readiness"
"28","Tier 2","RTX 5060 versus 5060 Ti: do not omit the suffix","Not assigned until differentiated brief approved","comparison","Research brief; not drafted","n5060","Resolves a specific documented question or provides working original utility.","Exact facts sourced; no unsupported measured claims; browser/link QA; confirmed deployment before recording first publication.","Unmeasured search demand; prioritize by utility and evidence readiness"
"29","Tier 2","What a 128-bit memory interface does not tell you","Not assigned until differentiated brief approved","comparison","Research brief; not drafted","n5060","Resolves a specific documented question or provides working original utility.","Exact facts sourced; no unsupported measured claims; browser/link QA; confirmed deployment before recording first publication.","Unmeasured search demand; prioritize by utility and evidence readiness"
"30","Tier 2","A memory profile is an overclocking configuration","Not assigned until differentiated brief approved","compatibility","Research brief; not drafted","expo","Resolves a specific documented question or provides working original utility.","Exact facts sourced; no unsupported measured claims; browser/link QA; confirmed deployment before recording first publication.","Unmeasured search demand; prioritize by utility and evidence readiness"
"31","Tier 2","What to record before enabling EXPO","Not assigned until differentiated brief approved","compatibility","Research brief; not drafted","expo","Resolves a specific documented question or provides working original utility.","Exact facts sourced; no unsupported measured claims; browser/link QA; confirmed deployment before recording first publication.","Unmeasured search demand; prioritize by utility and evidence readiness"
"32","Tier 2","A QVL model code is more useful than a kit nickname","Not assigned until differentiated brief approved","compatibility","Research brief; not drafted","expo","Resolves a specific documented question or provides working original utility.","Exact facts sourced; no unsupported measured claims; browser/link QA; confirmed deployment before recording first publication.","Unmeasured search demand; prioritize by utility and evidence readiness"
"33","Tier 2","A game-library budget that includes updates","Not assigned until differentiated brief approved","tool","Research brief; not drafted","msi","Resolves a specific documented question or provides working original utility.","Exact facts sourced; no unsupported measured claims; browser/link QA; confirmed deployment before recording first publication.","Unmeasured search demand; prioritize by utility and evidence readiness"
"34","Tier 2","SSD capacity after a manual free-space allowance","Not assigned until differentiated brief approved","tool","Research brief; not drafted","msi","Resolves a specific documented question or provides working original utility.","Exact facts sourced; no unsupported measured claims; browser/link QA; confirmed deployment before recording first publication.","Unmeasured search demand; prioritize by utility and evidence readiness"
"35","Tier 2","A dock adds another limit to the connection path","Not assigned until differentiated brief approved","explainer","Research brief; not drafted","usb","Resolves a specific documented question or provides working original utility.","Exact facts sourced; no unsupported measured claims; browser/link QA; confirmed deployment before recording first publication.","Unmeasured search demand; prioritize by utility and evidence readiness"
"36","Tier 2","A charging cable is not necessarily your fastest data cable","Not assigned until differentiated brief approved","explainer","Research brief; not drafted","usb","Resolves a specific documented question or provides working original utility.","Exact facts sourced; no unsupported measured claims; browser/link QA; confirmed deployment before recording first publication.","Unmeasured search demand; prioritize by utility and evidence readiness"
"37","Tier 2","Add cooler mounts to the platform budget","Not assigned until differentiated brief approved","tool","Research brief; not drafted","msi","Resolves a specific documented question or provides working original utility.","Exact facts sourced; no unsupported measured claims; browser/link QA; confirmed deployment before recording first publication.","Unmeasured search demand; prioritize by utility and evidence readiness"
"38","Tier 2","Average bits per parameter is a simplifying assumption","Not assigned until differentiated brief approved","tool","Research brief; not drafted","llama","Resolves a specific documented question or provides working original utility.","Exact facts sourced; no unsupported measured claims; browser/link QA; confirmed deployment before recording first publication.","Unmeasured search demand; prioritize by utility and evidence readiness"
"39","Tier 2","A grayed-out rollback button means the prior driver is unavailable","Not assigned until differentiated brief approved","software guide","Research brief; not drafted","drivers","Resolves a specific documented question or provides working original utility.","Exact facts sourced; no unsupported measured claims; browser/link QA; confirmed deployment before recording first publication.","Unmeasured search demand; prioritize by utility and evidence readiness"
"40","Tier 2","Record a driver version rather than saying latest","Not assigned until differentiated brief approved","software guide","Research brief; not drafted","drivers","Resolves a specific documented question or provides working original utility.","Exact facts sourced; no unsupported measured claims; browser/link QA; confirmed deployment before recording first publication.","Unmeasured search demand; prioritize by utility and evidence readiness"
"41","Tier 3","A later phone purchase does not restart an update window","Not assigned until differentiated brief approved","tracker","Research brief; not drafted","pixelupdates","Resolves a specific documented question or provides working original utility.","Exact facts sourced; no unsupported measured claims; browser/link QA; confirmed deployment before recording first publication.","Unmeasured search demand; prioritize by utility and evidence readiness"
"42","Tier 3","Wall power versus component power specifications","Not assigned until differentiated brief approved","calculator","Research brief; not drafted","msi","Resolves a specific documented question or provides working original utility.","Exact facts sourced; no unsupported measured claims; browser/link QA; confirmed deployment before recording first publication.","Unmeasured search demand; prioritize by utility and evidence readiness"
"43","Tier 3","Idle and gaming periods need separate energy inputs","Not assigned until differentiated brief approved","calculator","Research brief; not drafted","msi","Resolves a specific documented question or provides working original utility.","Exact facts sourced; no unsupported measured claims; browser/link QA; confirmed deployment before recording first publication.","Unmeasured search demand; prioritize by utility and evidence readiness"
"44","Tier 3","PPI is not a display-quality score","Not assigned until differentiated brief approved","calculator","Research brief; not drafted","rtings","Resolves a specific documented question or provides working original utility.","Exact facts sourced; no unsupported measured claims; browser/link QA; confirmed deployment before recording first publication.","Unmeasured search demand; prioritize by utility and evidence readiness"
"45","Tier 3","Audit missing specification fields by category","Not assigned until differentiated brief approved","data report","Research brief; not drafted","msi","Resolves a specific documented question or provides working original utility.","Exact facts sourced; no unsupported measured claims; browser/link QA; confirmed deployment before recording first publication.","Unmeasured search demand; prioritize by utility and evidence readiness"
"46","Tier 3","Image identity: an exact classification needs a matching name","Not assigned until differentiated brief approved","data report","Research brief; not drafted","msi","Resolves a specific documented question or provides working original utility.","Exact facts sourced; no unsupported measured claims; browser/link QA; confirmed deployment before recording first publication.","Unmeasured search demand; prioritize by utility and evidence readiness"
"47","Tier 3","A company forecast is not a measured retail trend","Not assigned until differentiated brief approved","news analysis","Research brief; not drafted","micron","Resolves a specific documented question or provides working original utility.","Exact facts sourced; no unsupported measured claims; browser/link QA; confirmed deployment before recording first publication.","Unmeasured search demand; prioritize by utility and evidence readiness"
"48","Tier 3","Server memory and desktop kits need separate reporting","Not assigned until differentiated brief approved","news analysis","Research brief; not drafted","micron","Resolves a specific documented question or provides working original utility.","Exact facts sourced; no unsupported measured claims; browser/link QA; confirmed deployment before recording first publication.","Unmeasured search demand; prioritize by utility and evidence readiness"
"49","Tier 3","A source announcement becomes a draft before it becomes news","Not assigned until differentiated brief approved","resource","Research brief; not drafted","news","Resolves a specific documented question or provides working original utility.","Exact facts sourced; no unsupported measured claims; browser/link QA; confirmed deployment before recording first publication.","Unmeasured search demand; prioritize by utility and evidence readiness"
"50","Tier 3","News dates should preserve the first publication event","Not assigned until differentiated brief approved","resource","Research brief; not drafted","news","Resolves a specific documented question or provides working original utility.","Exact facts sourced; no unsupported measured claims; browser/link QA; confirmed deployment before recording first publication.","Unmeasured search demand; prioritize by utility and evidence readiness"
