"title","route","status","inputs","data_dependency","limits","priority"
"PC electricity cost calculator","/tools/pc-electricity-cost/","Implemented locally","Measured power at the wall (W) | Hours used each day | Your electricity rate per kWh","Explicit user inputs; elementary arithmetic","Use measured power at the wall. CPU TDP and graphics-card power ratings are not measurements of a complete PC’s electricity consumption.","Tier 1"
"Compare complete PC upgrade costs","/tools/platform-upgrade-cost/","Implemented locally","Option A: CPU | Option A: motherboard | Option A: memory | Option A: cooling | Option A: other required costs | Option B: CPU | Option B: motherboard | Option B: memory | Option B: cooling | Option B: other required costs","Explicit user inputs; elementary arithmetic","This is a manual budget, not a live store-price comparison. Use the same currency and checkout treatment in both options.","Tier 1"
"Monitor pixel density and size calculator","/tools/monitor-pixel-density/","Implemented locally","Horizontal pixels | Vertical pixels | Display diagonal (inches)","Explicit user inputs; elementary arithmetic","Pixel density describes the number of pixels per inch. It does not measure contrast, input lag, HDR quality or motion clarity.","Tier 1"
"Recording storage budget calculator","/tools/recording-storage/","Implemented locally","Combined bitrate (Mb/s) | Recording duration (hours) | Extra storage allowance (%)","Explicit user inputs; elementary arithmetic","Use the combined bitrate of the streams you intend to record. Variable-bitrate footage can depart from the chosen average.","Tier 1"
"Local AI model memory planner","/tools/local-ai-memory/","Implemented locally","Parameters (billions) | Average bits per parameter | Runtime allowance (GiB) | KV-cache budget (GiB)","Explicit user inputs; elementary arithmetic","This is a planning lower bound plus your manual allowances. It does not certify that a particular model will load, fit entirely in VRAM or run at a useful speed.","Tier 1"
"FPS and refresh interval calculator","/tools/frame-time-budget/","Implemented locally","Frame rate (FPS) | Display refresh rate (Hz)","Explicit user inputs; elementary arithmetic","This translates rates into intervals. It does not predict your PC’s FPS or measure input latency.","Tier 1"
"B650 TOMAHAWK slot-sharing checker","/tools/b650-tomahawk-lane-check/","Implemented locally","","msi","This tool applies only to MAG B650 TOMAHAWK WIFI. It is not a general B650 or AM5 compatibility engine.","Tier 1"
"Monitor stand-footprint planner","Unassigned","Planned","Exact stand width/depth and desk dimensions","Manufacturer dimensions","Does not certify stability or mounting strength","Tier 2"
"Quote completeness checker","Unassigned","Planned","SKU, currency, stock, shipping, tax, timestamp","User-provided quote","Does not verify a retailer offer","Tier 2"
