"title","what","audience","why_useful","traffic_opportunity","retention_opportunity","monetization_opportunity","technical_difficulty","data_requirements","trust_risks","recommended_priority"
"Frame interval translator","Convert an FPS/Hz claim to milliseconds without a hardware prediction.","Readers comparing units","Convert an FPS/Hz claim to milliseconds without a hardware prediction.","Specific support/decision intent; traffic unmeasured","Reuse with a later upgrade or a saved evidence record","Relevant article context; exact buying links only with verified offers","Completed arithmetic/data audit","Manual rates or local catalog metadata","Do not imply completeness, measured performance, verified fit or live availability","Implemented"
"Catalog sampling-bias report","Show the indexed denominator and unknown-field counts before any market inference.","Researchers citing the site","Show the indexed denominator and unknown-field counts before any market inference.","Specific support/decision intent; traffic unmeasured","Reuse with a later upgrade or a saved evidence record","Relevant article context; exact buying links only with verified offers","Completed arithmetic/data audit","Manual rates or local catalog metadata","Do not imply completeness, measured performance, verified fit or live availability","Implemented"
"Build label print sheet","Generate slot and cable labels from the saved component IDs.","First-time builders","Generate slot and cable labels from the saved component IDs.","Specific support/decision intent; traffic unmeasured","Reuse with a later upgrade or a saved evidence record","Relevant article context; exact buying links only with verified offers","Medium","Exact source records, validated IDs and explicit unknowns","Do not imply completeness, measured performance, verified fit or live availability","P2"
"Port-map worksheet","Annotate actual rear/front ports from a verified board diagram.","People with multiple peripherals","Annotate actual rear/front ports from a verified board diagram.","Specific support/decision intent; traffic unmeasured","Reuse with a later upgrade or a saved evidence record","Relevant article context; exact buying links only with verified offers","Medium–high","Exact source records, validated IDs and explicit unknowns","Do not imply completeness, measured performance, verified fit or live availability","P2"
"Manual-revision diff viewer","Highlight a documented manual change without silently replacing history.","Upgraders and editors","Highlight a documented manual change without silently replacing history.","Specific support/decision intent; traffic unmeasured","Reuse with a later upgrade or a saved evidence record","Relevant article context; exact buying links only with verified offers","Medium–high","Exact source records, validated IDs and explicit unknowns","Do not imply completeness, measured performance, verified fit or live availability","P2"
"Exact suffix explainer","Show why Ti, SUPER, capacity and regional suffixes identify different records.","Shoppers matching listings","Show why Ti, SUPER, capacity and regional suffixes identify different records.","Specific support/decision intent; traffic unmeasured","Reuse with a later upgrade or a saved evidence record","Relevant article context; exact buying links only with verified offers","Medium","Exact source records, validated IDs and explicit unknowns","Do not imply completeness, measured performance, verified fit or live availability","P1"
"Quote completeness audit","Flag missing shipping, condition, currency or observation time in a manual quote.","Budget planners","Flag missing shipping, condition, currency or observation time in a manual quote.","Specific support/decision intent; traffic unmeasured","Reuse with a later upgrade or a saved evidence record","Relevant article context; exact buying links only with verified offers","Medium","Exact source records, validated IDs and explicit unknowns","Do not imply completeness, measured performance, verified fit or live availability","P1"
"Adapter chain worksheet","List each device and conversion in a display or data connection.","Dock and monitor buyers","List each device and conversion in a display or data connection.","Specific support/decision intent; traffic unmeasured","Reuse with a later upgrade or a saved evidence record","Relevant article context; exact buying links only with verified offers","Medium","Exact source records, validated IDs and explicit unknowns","Do not imply completeness, measured performance, verified fit or live availability","P1"
"Retail condition matcher","Keep new, used and refurbished quotes in separate comparisons.","Value-conscious buyers","Keep new, used and refurbished quotes in separate comparisons.","Specific support/decision intent; traffic unmeasured","Reuse with a later upgrade or a saved evidence record","Relevant article context; exact buying links only with verified offers","Medium","Exact source records, validated IDs and explicit unknowns","Do not imply completeness, measured performance, verified fit or live availability","P1"
"Cooling collision checklist","Collect fan, radiator and cable clearances without falsely certifying a 3D fit.","Case buyers","Collect fan, radiator and cable clearances without falsely certifying a 3D fit.","Specific support/decision intent; traffic unmeasured","Reuse with a later upgrade or a saved evidence record","Relevant article context; exact buying links only with verified offers","Medium","Exact source records, validated IDs and explicit unknowns","Do not imply completeness, measured performance, verified fit or live availability","P1"
"Missing evidence inbox","Route model-specific missing fields to a structured review queue.","Volunteer editors","Route model-specific missing fields to a structured review queue.","Specific support/decision intent; traffic unmeasured","Reuse with a later upgrade or a saved evidence record","Relevant article context; exact buying links only with verified offers","Medium","Exact source records, validated IDs and explicit unknowns","Do not imply completeness, measured performance, verified fit or live availability","P1"
"Citation boundary viewer","Highlight which paragraph a source actually supports.","Readers checking claims","Highlight which paragraph a source actually supports.","Specific support/decision intent; traffic unmeasured","Reuse with a later upgrade or a saved evidence record","Relevant article context; exact buying links only with verified offers","Medium–high","Exact source records, validated IDs and explicit unknowns","Do not imply completeness, measured performance, verified fit or live availability","P2"
"Saved-list change digest","Show only material source changes since the local list was saved.","Returning readers","Show only material source changes since the local list was saved.","Specific support/decision intent; traffic unmeasured","Reuse with a later upgrade or a saved evidence record","Relevant article context; exact buying links only with verified offers","Medium","Exact source records, validated IDs and explicit unknowns","Do not imply completeness, measured performance, verified fit or live availability","P2"
"Recording proxy budget","Account separately for originals, proxies, exports and backups.","Video creators","Account separately for originals, proxies, exports and backups.","Specific support/decision intent; traffic unmeasured","Reuse with a later upgrade or a saved evidence record","Relevant article context; exact buying links only with verified offers","Medium","Exact source records, validated IDs and explicit unknowns","Do not imply completeness, measured performance, verified fit or live availability","P1"
"Benchmark setup receipt","Export a reproducibility sheet with game/driver/settings/scene versions.","Hardware reviewers","Export a reproducibility sheet with game/driver/settings/scene versions.","Specific support/decision intent; traffic unmeasured","Reuse with a later upgrade or a saved evidence record","Relevant article context; exact buying links only with verified offers","Medium","Exact source records, validated IDs and explicit unknowns","Do not imply completeness, measured performance, verified fit or live availability","P1"
"Result comparability checker","Identify setup differences before combining two benchmark results.","Performance researchers","Identify setup differences before combining two benchmark results.","Specific support/decision intent; traffic unmeasured","Reuse with a later upgrade or a saved evidence record","Relevant article context; exact buying links only with verified offers","Medium","Exact source records, validated IDs and explicit unknowns","Do not imply completeness, measured performance, verified fit or live availability","P1"
"Support-anchor completeness audit","Flag a policy that lacks its starting-event evidence.","Phone owners","Flag a policy that lacks its starting-event evidence.","Specific support/decision intent; traffic unmeasured","Reuse with a later upgrade or a saved evidence record","Relevant article context; exact buying links only with verified offers","Medium","Exact source records, validated IDs and explicit unknowns","Do not imply completeness, measured performance, verified fit or live availability","P1"
"Phone regional variant ledger","Record exact SIM/network variants without merging their facts.","Import buyers","Record exact SIM/network variants without merging their facts.","Specific support/decision intent; traffic unmeasured","Reuse with a later upgrade or a saved evidence record","Relevant article context; exact buying links only with verified offers","Medium–high","Exact source records, validated IDs and explicit unknowns","Do not imply completeness, measured performance, verified fit or live availability","P2"
"Claim-type toggle","Separate measured, specified, calculated and forecast claims in an article.","Evidence-focused readers","Separate measured, specified, calculated and forecast claims in an article.","Specific support/decision intent; traffic unmeasured","Reuse with a later upgrade or a saved evidence record","Relevant article context; exact buying links only with verified offers","Medium","Exact source records, validated IDs and explicit unknowns","Do not imply completeness, measured performance, verified fit or live availability","P2"
"Photo mismatch report","Let readers submit pictured-model evidence against a catalog ID.","Catalog users","Let readers submit pictured-model evidence against a catalog ID.","Specific support/decision intent; traffic unmeasured","Reuse with a later upgrade or a saved evidence record","Relevant article context; exact buying links only with verified offers","Medium","Exact source records, validated IDs and explicit unknowns","Do not imply completeness, measured performance, verified fit or live availability","P1"
"Stand footprint planner","Use exact stand width/depth alongside display geometry.","Small-desk users","Use exact stand width/depth alongside display geometry.","Specific support/decision intent; traffic unmeasured","Reuse with a later upgrade or a saved evidence record","Relevant article context; exact buying links only with verified offers","Medium","Exact source records, validated IDs and explicit unknowns","Do not imply completeness, measured performance, verified fit or live availability","P2"
"Upgrade interruption worksheet","Budget installation time and required backup steps, separately from money.","Working PC owners","Budget installation time and required backup steps, separately from money.","Specific support/decision intent; traffic unmeasured","Reuse with a later upgrade or a saved evidence record","Relevant article context; exact buying links only with verified offers","Medium","Exact source records, validated IDs and explicit unknowns","Do not imply completeness, measured performance, verified fit or live availability","P2"
"Model-license audit download","Export attribution and redistribution scope for used model files.","Asset contributors","Export attribution and redistribution scope for used model files.","Specific support/decision intent; traffic unmeasured","Reuse with a later upgrade or a saved evidence record","Relevant article context; exact buying links only with verified offers","Medium","Exact source records, validated IDs and explicit unknowns","Do not imply completeness, measured performance, verified fit or live availability","P1"
"Historical-source snapshot index","Retain source URL, hash and verified time without copying protected content.","Editors correcting older pages","Retain source URL, hash and verified time without copying protected content.","Specific support/decision intent; traffic unmeasured","Reuse with a later upgrade or a saved evidence record","Relevant article context; exact buying links only with verified offers","Medium","Exact source records, validated IDs and explicit unknowns","Do not imply completeness, measured performance, verified fit or live availability","P1"
"Connector orientation notes","Store documented plug direction and bend clearance in build notes.","Builders using adapters","Store documented plug direction and bend clearance in build notes.","Specific support/decision intent; traffic unmeasured","Reuse with a later upgrade or a saved evidence record","Relevant article context; exact buying links only with verified offers","Medium","Exact source records, validated IDs and explicit unknowns","Do not imply completeness, measured performance, verified fit or live availability","P2"
"Slot occupancy print map","Produce a textual before/after device-location sheet.","Storage upgraders","Produce a textual before/after device-location sheet.","Specific support/decision intent; traffic unmeasured","Reuse with a later upgrade or a saved evidence record","Relevant article context; exact buying links only with verified offers","Medium–high","Exact source records, validated IDs and explicit unknowns","Do not imply completeness, measured performance, verified fit or live availability","P1"
"Terminology conflict report","Surface units or names that vary between two manufacturer documents.","Editors and advanced buyers","Surface units or names that vary between two manufacturer documents.","Specific support/decision intent; traffic unmeasured","Reuse with a later upgrade or a saved evidence record","Relevant article context; exact buying links only with verified offers","Medium","Exact source records, validated IDs and explicit unknowns","Do not imply completeness, measured performance, verified fit or live availability","P2"
"Quote expiry reminder","Local expiry markers stop an old quote being mistaken for current stock.","Returning shoppers","Local expiry markers stop an old quote being mistaken for current stock.","Specific support/decision intent; traffic unmeasured","Reuse with a later upgrade or a saved evidence record","Relevant article context; exact buying links only with verified offers","Medium","Exact source records, validated IDs and explicit unknowns","Do not imply completeness, measured performance, verified fit or live availability","P1"
"Browser-storage export","Export/import validated saved IDs without adding an account system.","Readers switching devices","Export/import validated saved IDs without adding an account system.","Specific support/decision intent; traffic unmeasured","Reuse with a later upgrade or a saved evidence record","Relevant article context; exact buying links only with verified offers","Medium","Exact source records, validated IDs and explicit unknowns","Do not imply completeness, measured performance, verified fit or live availability","P2"
"Correction impact map","List every article/comparison that uses a corrected field.","Publication maintainers","List every article/comparison that uses a corrected field.","Specific support/decision intent; traffic unmeasured","Reuse with a later upgrade or a saved evidence record","Relevant article context; exact buying links only with verified offers","Medium–high","Exact source records, validated IDs and explicit unknowns","Do not imply completeness, measured performance, verified fit or live availability","P1"
"Unknown-aware sorting","Sort verified fields while keeping missing values in a separate group.","Comparison users","Sort verified fields while keeping missing values in a separate group.","Specific support/decision intent; traffic unmeasured","Reuse with a later upgrade or a saved evidence record","Relevant article context; exact buying links only with verified offers","Medium","Exact source records, validated IDs and explicit unknowns","Do not imply completeness, measured performance, verified fit or live availability","P1"
"Build-photo privacy checklist","Help contributors crop serial numbers and personal backgrounds before submission.","Community contributors","Help contributors crop serial numbers and personal backgrounds before submission.","Specific support/decision intent; traffic unmeasured","Reuse with a later upgrade or a saved evidence record","Relevant article context; exact buying links only with verified offers","Medium","Exact source records, validated IDs and explicit unknowns","Do not imply completeness, measured performance, verified fit or live availability","P2"
