"title","angle","reader","evidence_needed","priority","demand","status"
"The missing model suffix that changed an upgrade decision","Resolve the exact confusion or evidence gap stated in the title.","PC/phone buyer or publication maintainer","Exact manufacturer documentation and/or original reproducible testing; no invented claims","P1","Unmeasured; candidate for Search Console and community validation","Concept only; not published"
"Why the same GPU name can describe several physical cards","Resolve the exact confusion or evidence gap stated in the title.","PC/phone buyer or publication maintainer","Exact manufacturer documentation and/or original reproducible testing; no invented claims","P1","Unmeasured; candidate for Search Console and community validation","Concept only; not published"
"A motherboard marketing image is not a slot-topology map","Resolve the exact confusion or evidence gap stated in the title.","PC/phone buyer or publication maintainer","Exact manufacturer documentation and/or original reproducible testing; no invented claims","P1","Unmeasured; candidate for Search Console and community validation","Concept only; not published"
"When a BIOS support table and a product page disagree","Resolve the exact confusion or evidence gap stated in the title.","PC/phone buyer or publication maintainer","Exact manufacturer documentation and/or original reproducible testing; no invented claims","P1","Unmeasured; candidate for Search Console and community validation","Concept only; not published"
"How to document an unresolved specification conflict","Resolve the exact confusion or evidence gap stated in the title.","PC/phone buyer or publication maintainer","Exact manufacturer documentation and/or original reproducible testing; no invented claims","P1","Unmeasured; candidate for Search Console and community validation","Concept only; not published"
"A case clearance limit can depend on radiator placement","Resolve the exact confusion or evidence gap stated in the title.","PC/phone buyer or publication maintainer","Exact manufacturer documentation and/or original reproducible testing; no invented claims","P1","Unmeasured; candidate for Search Console and community validation","Concept only; not published"
"A front-panel connector checklist for a reused case","Resolve the exact confusion or evidence gap stated in the title.","PC/phone buyer or publication maintainer","Exact manufacturer documentation and/or original reproducible testing; no invented claims","P1","Unmeasured; candidate for Search Console and community validation","Concept only; not published"
"Why fan count alone is not an airflow plan","Resolve the exact confusion or evidence gap stated in the title.","PC/phone buyer or publication maintainer","Exact manufacturer documentation and/or original reproducible testing; no invented claims","P1","Unmeasured; candidate for Search Console and community validation","Concept only; not published"
"Reverse-blade fan appearance versus airflow direction","Resolve the exact confusion or evidence gap stated in the title.","PC/phone buyer or publication maintainer","Exact manufacturer documentation and/or original reproducible testing; no invented claims","P1","Unmeasured; candidate for Search Console and community validation","Concept only; not published"
"Measure the cable route before choosing a power supply","Resolve the exact confusion or evidence gap stated in the title.","PC/phone buyer or publication maintainer","Exact manufacturer documentation and/or original reproducible testing; no invented claims","P1","Unmeasured; candidate for Search Console and community validation","Concept only; not published"
"A modular power-supply cable needs an exact compatibility check","Resolve the exact confusion or evidence gap stated in the title.","PC/phone buyer or publication maintainer","Exact manufacturer documentation and/or original reproducible testing; no invented claims","P1","Unmeasured; candidate for Search Console and community validation","Concept only; not published"
"Graphics-card adapter clearance belongs in the fit budget","Resolve the exact confusion or evidence gap stated in the title.","PC/phone buyer or publication maintainer","Exact manufacturer documentation and/or original reproducible testing; no invented claims","P1","Unmeasured; candidate for Search Console and community validation","Concept only; not published"
"An M.2 heat sink can affect the space above a drive","Resolve the exact confusion or evidence gap stated in the title.","PC/phone buyer or publication maintainer","Exact manufacturer documentation and/or original reproducible testing; no invented claims","P1","Unmeasured; candidate for Search Console and community validation","Concept only; not published"
"A CPU cooler height check with a manufacturer source trail","Resolve the exact confusion or evidence gap stated in the title.","PC/phone buyer or publication maintainer","Exact manufacturer documentation and/or original reproducible testing; no invented claims","P1","Unmeasured; candidate for Search Console and community validation","Concept only; not published"
"How to record motherboard revision numbers before buying","Resolve the exact confusion or evidence gap stated in the title.","PC/phone buyer or publication maintainer","Exact manufacturer documentation and/or original reproducible testing; no invented claims","P1","Unmeasured; candidate for Search Console and community validation","Concept only; not published"
"A two-DIMM kit and two single DIMMs are different purchase records","Resolve the exact confusion or evidence gap stated in the title.","PC/phone buyer or publication maintainer","Exact manufacturer documentation and/or original reproducible testing; no invented claims","P1","Unmeasured; candidate for Search Console and community validation","Concept only; not published"
"Memory module height can conflict with a cooler overhang","Resolve the exact confusion or evidence gap stated in the title.","PC/phone buyer or publication maintainer","Exact manufacturer documentation and/or original reproducible testing; no invented claims","P1","Unmeasured; candidate for Search Console and community validation","Concept only; not published"
"A low-profile keyboard name does not specify its switch","Resolve the exact confusion or evidence gap stated in the title.","PC/phone buyer or publication maintainer","Exact manufacturer documentation and/or original reproducible testing; no invented claims","P1","Unmeasured; candidate for Search Console and community validation","Concept only; not published"
"Wireless mouse battery weight changes need a consistent setup","Resolve the exact confusion or evidence gap stated in the title.","PC/phone buyer or publication maintainer","Exact manufacturer documentation and/or original reproducible testing; no invented claims","P1","Unmeasured; candidate for Search Console and community validation","Concept only; not published"
"Mousepad dimensions include more than the marketing size name","Resolve the exact confusion or evidence gap stated in the title.","PC/phone buyer or publication maintainer","Exact manufacturer documentation and/or original reproducible testing; no invented claims","P1","Unmeasured; candidate for Search Console and community validation","Concept only; not published"
"Why a performance chart needs the exact game scene","Resolve the exact confusion or evidence gap stated in the title.","PC/phone buyer or publication maintainer","Exact manufacturer documentation and/or original reproducible testing; no invented claims","P1","Unmeasured; candidate for Search Console and community validation","Concept only; not published"
"A frame cap changes what a benchmark can tell you","Resolve the exact confusion or evidence gap stated in the title.","PC/phone buyer or publication maintainer","Exact manufacturer documentation and/or original reproducible testing; no invented claims","P1","Unmeasured; candidate for Search Console and community validation","Concept only; not published"
"An FPS target is not a locked console frame rate","Resolve the exact confusion or evidence gap stated in the title.","PC/phone buyer or publication maintainer","Exact manufacturer documentation and/or original reproducible testing; no invented claims","P1","Unmeasured; candidate for Search Console and community validation","Concept only; not published"
"Console performance modes can change after a patch","Resolve the exact confusion or evidence gap stated in the title.","PC/phone buyer or publication maintainer","Exact manufacturer documentation and/or original reproducible testing; no invented claims","P1","Unmeasured; candidate for Search Console and community validation","Concept only; not published"
"A remaster is not automatically the same workload","Resolve the exact confusion or evidence gap stated in the title.","PC/phone buyer or publication maintainer","Exact manufacturer documentation and/or original reproducible testing; no invented claims","P1","Unmeasured; candidate for Search Console and community validation","Concept only; not published"
"Dynamic resolution needs a range and a source","Resolve the exact confusion or evidence gap stated in the title.","PC/phone buyer or publication maintainer","Exact manufacturer documentation and/or original reproducible testing; no invented claims","P1","Unmeasured; candidate for Search Console and community validation","Concept only; not published"
"Upscaled output and native render resolution are separate fields","Resolve the exact confusion or evidence gap stated in the title.","PC/phone buyer or publication maintainer","Exact manufacturer documentation and/or original reproducible testing; no invented claims","P1","Unmeasured; candidate for Search Console and community validation","Concept only; not published"
"How to state missing 1% low data honestly","Resolve the exact confusion or evidence gap stated in the title.","PC/phone buyer or publication maintainer","Exact manufacturer documentation and/or original reproducible testing; no invented claims","P1","Unmeasured; candidate for Search Console and community validation","Concept only; not published"
"A CPU bottleneck claim needs more than utilization","Resolve the exact confusion or evidence gap stated in the title.","PC/phone buyer or publication maintainer","Exact manufacturer documentation and/or original reproducible testing; no invented claims","P1","Unmeasured; candidate for Search Console and community validation","Concept only; not published"
"Average FPS and hitch frequency answer different questions","Resolve the exact confusion or evidence gap stated in the title.","PC/phone buyer or publication maintainer","Exact manufacturer documentation and/or original reproducible testing; no invented claims","P1","Unmeasured; candidate for Search Console and community validation","Concept only; not published"
"Record a benchmark warm-up policy before testing","Resolve the exact confusion or evidence gap stated in the title.","PC/phone buyer or publication maintainer","Exact manufacturer documentation and/or original reproducible testing; no invented claims","P2","Unmeasured; candidate for Search Console and community validation","Concept only; not published"
"A background recording app can change the test setup","Resolve the exact confusion or evidence gap stated in the title.","PC/phone buyer or publication maintainer","Exact manufacturer documentation and/or original reproducible testing; no invented claims","P2","Unmeasured; candidate for Search Console and community validation","Concept only; not published"
"Driver, firmware and game patch dates belong together","Resolve the exact confusion or evidence gap stated in the title.","PC/phone buyer or publication maintainer","Exact manufacturer documentation and/or original reproducible testing; no invented claims","P2","Unmeasured; candidate for Search Console and community validation","Concept only; not published"
"A repeat run helps reveal noisy measurements","Resolve the exact confusion or evidence gap stated in the title.","PC/phone buyer or publication maintainer","Exact manufacturer documentation and/or original reproducible testing; no invented claims","P2","Unmeasured; candidate for Search Console and community validation","Concept only; not published"
"Do not extrapolate an FPS test to an untested resolution","Resolve the exact confusion or evidence gap stated in the title.","PC/phone buyer or publication maintainer","Exact manufacturer documentation and/or original reproducible testing; no invented claims","P2","Unmeasured; candidate for Search Console and community validation","Concept only; not published"
"A game launcher version can affect reproducibility","Resolve the exact confusion or evidence gap stated in the title.","PC/phone buyer or publication maintainer","Exact manufacturer documentation and/or original reproducible testing; no invented claims","P2","Unmeasured; candidate for Search Console and community validation","Concept only; not published"
"A texture pack makes Minecraft a different workload","Resolve the exact confusion or evidence gap stated in the title.","PC/phone buyer or publication maintainer","Exact manufacturer documentation and/or original reproducible testing; no invented claims","P2","Unmeasured; candidate for Search Console and community validation","Concept only; not published"
"An MMO crowd scene is not a quiet benchmark route","Resolve the exact confusion or evidence gap stated in the title.","PC/phone buyer or publication maintainer","Exact manufacturer documentation and/or original reproducible testing; no invented claims","P2","Unmeasured; candidate for Search Console and community validation","Concept only; not published"
"A generated frame does not represent a new input sample","Resolve the exact confusion or evidence gap stated in the title.","PC/phone buyer or publication maintainer","Exact manufacturer documentation and/or original reproducible testing; no invented claims","P2","Unmeasured; candidate for Search Console and community validation","Concept only; not published"
"Wallpaper Engine is not one fixed performance workload","Resolve the exact confusion or evidence gap stated in the title.","PC/phone buyer or publication maintainer","Exact manufacturer documentation and/or original reproducible testing; no invented claims","P2","Unmeasured; candidate for Search Console and community validation","Concept only; not published"
"What a laptop GPU power setting leaves out of its name","Resolve the exact confusion or evidence gap stated in the title.","PC/phone buyer or publication maintainer","Exact manufacturer documentation and/or original reproducible testing; no invented claims","P2","Unmeasured; candidate for Search Console and community validation","Concept only; not published"
"A dock may change the active display connection","Resolve the exact confusion or evidence gap stated in the title.","PC/phone buyer or publication maintainer","Exact manufacturer documentation and/or original reproducible testing; no invented claims","P2","Unmeasured; candidate for Search Console and community validation","Concept only; not published"
"A cable extension adds another compatibility question","Resolve the exact confusion or evidence gap stated in the title.","PC/phone buyer or publication maintainer","Exact manufacturer documentation and/or original reproducible testing; no invented claims","P2","Unmeasured; candidate for Search Console and community validation","Concept only; not published"
"Do not infer HDR quality from a resolution label","Resolve the exact confusion or evidence gap stated in the title.","PC/phone buyer or publication maintainer","Exact manufacturer documentation and/or original reproducible testing; no invented claims","P2","Unmeasured; candidate for Search Console and community validation","Concept only; not published"
"Display brightness claims need a window and test condition","Resolve the exact confusion or evidence gap stated in the title.","PC/phone buyer or publication maintainer","Exact manufacturer documentation and/or original reproducible testing; no invented claims","P2","Unmeasured; candidate for Search Console and community validation","Concept only; not published"
"A screen coating can change perceived clarity","Resolve the exact confusion or evidence gap stated in the title.","PC/phone buyer or publication maintainer","Exact manufacturer documentation and/or original reproducible testing; no invented claims","P2","Unmeasured; candidate for Search Console and community validation","Concept only; not published"
"A VESA mount check needs weight and screw details","Resolve the exact confusion or evidence gap stated in the title.","PC/phone buyer or publication maintainer","Exact manufacturer documentation and/or original reproducible testing; no invented claims","P2","Unmeasured; candidate for Search Console and community validation","Concept only; not published"
"A KVM switch is part of the display-signal path","Resolve the exact confusion or evidence gap stated in the title.","PC/phone buyer or publication maintainer","Exact manufacturer documentation and/or original reproducible testing; no invented claims","P2","Unmeasured; candidate for Search Console and community validation","Concept only; not published"
"An adapter listing should identify its conversion direction","Resolve the exact confusion or evidence gap stated in the title.","PC/phone buyer or publication maintainer","Exact manufacturer documentation and/or original reproducible testing; no invented claims","P2","Unmeasured; candidate for Search Console and community validation","Concept only; not published"
"A desk depth measurement belongs beside monitor diagonal","Resolve the exact confusion or evidence gap stated in the title.","PC/phone buyer or publication maintainer","Exact manufacturer documentation and/or original reproducible testing; no invented claims","P2","Unmeasured; candidate for Search Console and community validation","Concept only; not published"
"Read a warranty scope before comparing two retailers","Resolve the exact confusion or evidence gap stated in the title.","PC/phone buyer or publication maintainer","Exact manufacturer documentation and/or original reproducible testing; no invented claims","P2","Unmeasured; candidate for Search Console and community validation","Concept only; not published"
"A marketplace seller is not necessarily the retailer itself","Resolve the exact confusion or evidence gap stated in the title.","PC/phone buyer or publication maintainer","Exact manufacturer documentation and/or original reproducible testing; no invented claims","P2","Unmeasured; candidate for Search Console and community validation","Concept only; not published"
"A checkout coupon needs an expiry and eligibility rule","Resolve the exact confusion or evidence gap stated in the title.","PC/phone buyer or publication maintainer","Exact manufacturer documentation and/or original reproducible testing; no invented claims","P2","Unmeasured; candidate for Search Console and community validation","Concept only; not published"
"Restocking fees belong in a failed-fit purchase scenario","Resolve the exact confusion or evidence gap stated in the title.","PC/phone buyer or publication maintainer","Exact manufacturer documentation and/or original reproducible testing; no invented claims","P2","Unmeasured; candidate for Search Console and community validation","Concept only; not published"
"A store search result can change while its URL stays the same","Resolve the exact confusion or evidence gap stated in the title.","PC/phone buyer or publication maintainer","Exact manufacturer documentation and/or original reproducible testing; no invented claims","P2","Unmeasured; candidate for Search Console and community validation","Concept only; not published"
"A shipping estimate is not confirmed delivery","Resolve the exact confusion or evidence gap stated in the title.","PC/phone buyer or publication maintainer","Exact manufacturer documentation and/or original reproducible testing; no invented claims","P2","Unmeasured; candidate for Search Console and community validation","Concept only; not published"
"A product bundle can hide a different memory speed","Resolve the exact confusion or evidence gap stated in the title.","PC/phone buyer or publication maintainer","Exact manufacturer documentation and/or original reproducible testing; no invented claims","P2","Unmeasured; candidate for Search Console and community validation","Concept only; not published"
"Do not turn a launch MSRP into a current store offer","Resolve the exact confusion or evidence gap stated in the title.","PC/phone buyer or publication maintainer","Exact manufacturer documentation and/or original reproducible testing; no invented claims","P2","Unmeasured; candidate for Search Console and community validation","Concept only; not published"
"Price histories need timestamps and unavailable periods","Resolve the exact confusion or evidence gap stated in the title.","PC/phone buyer or publication maintainer","Exact manufacturer documentation and/or original reproducible testing; no invented claims","P2","Unmeasured; candidate for Search Console and community validation","Concept only; not published"
"A lowest-price badge should show the matching method","Resolve the exact confusion or evidence gap stated in the title.","PC/phone buyer or publication maintainer","Exact manufacturer documentation and/or original reproducible testing; no invented claims","P2","Unmeasured; candidate for Search Console and community validation","Concept only; not published"
"A phone battery rating does not describe battery health","Resolve the exact confusion or evidence gap stated in the title.","PC/phone buyer or publication maintainer","Exact manufacturer documentation and/or original reproducible testing; no invented claims","P2","Unmeasured; candidate for Search Console and community validation","Concept only; not published"
"A used-phone listing needs an activation and condition check","Resolve the exact confusion or evidence gap stated in the title.","PC/phone buyer or publication maintainer","Exact manufacturer documentation and/or original reproducible testing; no invented claims","P2","Unmeasured; candidate for Search Console and community validation","Concept only; not published"
"Regional network support requires the exact model code","Resolve the exact confusion or evidence gap stated in the title.","PC/phone buyer or publication maintainer","Exact manufacturer documentation and/or original reproducible testing; no invented claims","P2","Unmeasured; candidate for Search Console and community validation","Concept only; not published"
"A camera sensor count is not a quality comparison","Resolve the exact confusion or evidence gap stated in the title.","PC/phone buyer or publication maintainer","Exact manufacturer documentation and/or original reproducible testing; no invented claims","P2","Unmeasured; candidate for Search Console and community validation","Concept only; not published"
"A charging test must name the adapter and temperature","Resolve the exact confusion or evidence gap stated in the title.","PC/phone buyer or publication maintainer","Exact manufacturer documentation and/or original reproducible testing; no invented claims","P2","Unmeasured; candidate for Search Console and community validation","Concept only; not published"
"Software features can have language and region limits","Resolve the exact confusion or evidence gap stated in the title.","PC/phone buyer or publication maintainer","Exact manufacturer documentation and/or original reproducible testing; no invented claims","P2","Unmeasured; candidate for Search Console and community validation","Concept only; not published"
"An update installation is not the same as update eligibility","Resolve the exact confusion or evidence gap stated in the title.","PC/phone buyer or publication maintainer","Exact manufacturer documentation and/or original reproducible testing; no invented claims","P2","Unmeasured; candidate for Search Console and community validation","Concept only; not published"
"A phone case can change a mount fit","Resolve the exact confusion or evidence gap stated in the title.","PC/phone buyer or publication maintainer","Exact manufacturer documentation and/or original reproducible testing; no invented claims","P2","Unmeasured; candidate for Search Console and community validation","Concept only; not published"
"A screen protector can affect a repair or grip decision","Resolve the exact confusion or evidence gap stated in the title.","PC/phone buyer or publication maintainer","Exact manufacturer documentation and/or original reproducible testing; no invented claims","P2","Unmeasured; candidate for Search Console and community validation","Concept only; not published"
"Historical phones deserve dated specifications instead of fake freshness","Resolve the exact confusion or evidence gap stated in the title.","PC/phone buyer or publication maintainer","Exact manufacturer documentation and/or original reproducible testing; no invented claims","P2","Unmeasured; candidate for Search Console and community validation","Concept only; not published"
"AI memory estimates should preserve unknown overhead","Resolve the exact confusion or evidence gap stated in the title.","PC/phone buyer or publication maintainer","Exact manufacturer documentation and/or original reproducible testing; no invented claims","P3","Unmeasured; candidate for Search Console and community validation","Concept only; not published"
"A model name can omit the real quantization format","Resolve the exact confusion or evidence gap stated in the title.","PC/phone buyer or publication maintainer","Exact manufacturer documentation and/or original reproducible testing; no invented claims","P3","Unmeasured; candidate for Search Console and community validation","Concept only; not published"
"A runtime update can change your measurement baseline","Resolve the exact confusion or evidence gap stated in the title.","PC/phone buyer or publication maintainer","Exact manufacturer documentation and/or original reproducible testing; no invented claims","P3","Unmeasured; candidate for Search Console and community validation","Concept only; not published"
"Concurrency changes the memory planning question","Resolve the exact confusion or evidence gap stated in the title.","PC/phone buyer or publication maintainer","Exact manufacturer documentation and/or original reproducible testing; no invented claims","P3","Unmeasured; candidate for Search Console and community validation","Concept only; not published"
"A longer context is not automatically a better user experience","Resolve the exact confusion or evidence gap stated in the title.","PC/phone buyer or publication maintainer","Exact manufacturer documentation and/or original reproducible testing; no invented claims","P3","Unmeasured; candidate for Search Console and community validation","Concept only; not published"
"Model load time and generation speed are separate results","Resolve the exact confusion or evidence gap stated in the title.","PC/phone buyer or publication maintainer","Exact manufacturer documentation and/or original reproducible testing; no invented claims","P3","Unmeasured; candidate for Search Console and community validation","Concept only; not published"
"A processor NPU claim needs the numerical precision","Resolve the exact confusion or evidence gap stated in the title.","PC/phone buyer or publication maintainer","Exact manufacturer documentation and/or original reproducible testing; no invented claims","P3","Unmeasured; candidate for Search Console and community validation","Concept only; not published"
"An accelerator specification is not an application benchmark","Resolve the exact confusion or evidence gap stated in the title.","PC/phone buyer or publication maintainer","Exact manufacturer documentation and/or original reproducible testing; no invented claims","P3","Unmeasured; candidate for Search Console and community validation","Concept only; not published"
"A server-memory headline needs a desktop relevance check","Resolve the exact confusion or evidence gap stated in the title.","PC/phone buyer or publication maintainer","Exact manufacturer documentation and/or original reproducible testing; no invented claims","P3","Unmeasured; candidate for Search Console and community validation","Concept only; not published"
"A compute-demand forecast is not a GPU availability measurement","Resolve the exact confusion or evidence gap stated in the title.","PC/phone buyer or publication maintainer","Exact manufacturer documentation and/or original reproducible testing; no invented claims","P3","Unmeasured; candidate for Search Console and community validation","Concept only; not published"
"A catalog coverage change can be caused by new indexing","Resolve the exact confusion or evidence gap stated in the title.","PC/phone buyer or publication maintainer","Exact manufacturer documentation and/or original reproducible testing; no invented claims","P3","Unmeasured; candidate for Search Console and community validation","Concept only; not published"
"A photo matching rule needs an auditable normalization policy","Resolve the exact confusion or evidence gap stated in the title.","PC/phone buyer or publication maintainer","Exact manufacturer documentation and/or original reproducible testing; no invented claims","P3","Unmeasured; candidate for Search Console and community validation","Concept only; not published"
"Keep a removed source in the correction history","Resolve the exact confusion or evidence gap stated in the title.","PC/phone buyer or publication maintainer","Exact manufacturer documentation and/or original reproducible testing; no invented claims","P3","Unmeasured; candidate for Search Console and community validation","Concept only; not published"
"A source redirect can change the document you rely on","Resolve the exact confusion or evidence gap stated in the title.","PC/phone buyer or publication maintainer","Exact manufacturer documentation and/or original reproducible testing; no invented claims","P3","Unmeasured; candidate for Search Console and community validation","Concept only; not published"
"Why a content hash is not a publication date","Resolve the exact confusion or evidence gap stated in the title.","PC/phone buyer or publication maintainer","Exact manufacturer documentation and/or original reproducible testing; no invented claims","P3","Unmeasured; candidate for Search Console and community validation","Concept only; not published"
"A public CSV needs a stable column contract","Resolve the exact confusion or evidence gap stated in the title.","PC/phone buyer or publication maintainer","Exact manufacturer documentation and/or original reproducible testing; no invented claims","P3","Unmeasured; candidate for Search Console and community validation","Concept only; not published"
"A software release queue should resist duplicate URLs","Resolve the exact confusion or evidence gap stated in the title.","PC/phone buyer or publication maintainer","Exact manufacturer documentation and/or original reproducible testing; no invented claims","P3","Unmeasured; candidate for Search Console and community validation","Concept only; not published"
"A dead video link should not erase the written explanation","Resolve the exact confusion or evidence gap stated in the title.","PC/phone buyer or publication maintainer","Exact manufacturer documentation and/or original reproducible testing; no invented claims","P3","Unmeasured; candidate for Search Console and community validation","Concept only; not published"
"A corrected comparison should update both product references","Resolve the exact confusion or evidence gap stated in the title.","PC/phone buyer or publication maintainer","Exact manufacturer documentation and/or original reproducible testing; no invented claims","P3","Unmeasured; candidate for Search Console and community validation","Concept only; not published"
"An empty news feed is better than a mislabeled evergreen feed","Resolve the exact confusion or evidence gap stated in the title.","PC/phone buyer or publication maintainer","Exact manufacturer documentation and/or original reproducible testing; no invented claims","P3","Unmeasured; candidate for Search Console and community validation","Concept only; not published"
"A saved build is a preference record, not purchase intent","Resolve the exact confusion or evidence gap stated in the title.","PC/phone buyer or publication maintainer","Exact manufacturer documentation and/or original reproducible testing; no invented claims","P3","Unmeasured; candidate for Search Console and community validation","Concept only; not published"
"Local watchlists do not send alerts without a service","Resolve the exact confusion or evidence gap stated in the title.","PC/phone buyer or publication maintainer","Exact manufacturer documentation and/or original reproducible testing; no invented claims","P3","Unmeasured; candidate for Search Console and community validation","Concept only; not published"
"A reset control should clear only the filters it names","Resolve the exact confusion or evidence gap stated in the title.","PC/phone buyer or publication maintainer","Exact manufacturer documentation and/or original reproducible testing; no invented claims","P3","Unmeasured; candidate for Search Console and community validation","Concept only; not published"
"A null battery result should not sort as the worst score","Resolve the exact confusion or evidence gap stated in the title.","PC/phone buyer or publication maintainer","Exact manufacturer documentation and/or original reproducible testing; no invented claims","P3","Unmeasured; candidate for Search Console and community validation","Concept only; not published"
"A hidden keyboard can make a mobile filter easier to use","Resolve the exact confusion or evidence gap stated in the title.","PC/phone buyer or publication maintainer","Exact manufacturer documentation and/or original reproducible testing; no invented claims","P3","Unmeasured; candidate for Search Console and community validation","Concept only; not published"
"A public error report should avoid personal information","Resolve the exact confusion or evidence gap stated in the title.","PC/phone buyer or publication maintainer","Exact manufacturer documentation and/or original reproducible testing; no invented claims","P3","Unmeasured; candidate for Search Console and community validation","Concept only; not published"
"Ad slots beside pickers can create accidental clicks","Resolve the exact confusion or evidence gap stated in the title.","PC/phone buyer or publication maintainer","Exact manufacturer documentation and/or original reproducible testing; no invented claims","P3","Unmeasured; candidate for Search Console and community validation","Concept only; not published"
"Page RPM does not measure whether a tool helped someone","Resolve the exact confusion or evidence gap stated in the title.","PC/phone buyer or publication maintainer","Exact manufacturer documentation and/or original reproducible testing; no invented claims","P3","Unmeasured; candidate for Search Console and community validation","Concept only; not published"
"A first-party source can still contain a forecast","Resolve the exact confusion or evidence gap stated in the title.","PC/phone buyer or publication maintainer","Exact manufacturer documentation and/or original reproducible testing; no invented claims","P3","Unmeasured; candidate for Search Console and community validation","Concept only; not published"
"An editorial review checklist should identify the evidence it lacks","Resolve the exact confusion or evidence gap stated in the title.","PC/phone buyer or publication maintainer","Exact manufacturer documentation and/or original reproducible testing; no invented claims","P3","Unmeasured; candidate for Search Console and community validation","Concept only; not published"
